app_name,categoryId,reviewId,sentenceId,at,score,feature,review,sentence,emotion-A,emotion-B
Magic Earth Navigation & Maps,MAPS_AND_NAVIGATION,00022f01-2871-4c51-b039-ad54a5816aae,0,"Sep 06, 2022",4,f_410,"Routing is excellent, best I've tried so far! The AIDashcam would be more useful if it can define focus at infinity instead of auto focus. I also like to record my trips history like Google timeline but with greater accuracy and no big tech tracking. it would be something I really looking forward to have in ME instead of having to use another apps to record tracks separately. Even better if we can playback the dash cam footage with GPS track history overlay simultaneously.","Routing is excellent, best I've tried so far!",Trust,
"Voice navigation, Weather App",MAPS_AND_NAVIGATION,00aad554-5b2d-4d1e-87a9-f7368130eafe,0,"Sep 09, 2022",5,f_409,Voice GPS maps gives you step by step driving directions. You can be guided thoroughly and get focused on driving. A âœŒ,Voice GPS maps gives you step by step driving directions.,Neutral,
Simple ToDo â€” Task List & Plan,PRODUCTIVITY,00e6dd87-77e5-4b76-8f76-87aa1e2cdaed,1,"Dec 09, 2019",3,f_402,OK just like most apps. Would be better if it has text to speech. Alarm does not work. No AM or PM.,Would be better if it has text to speech.,Anticipation,Sadness
Google Lens,TOOLS,010d2015-df04-4608-bf18-63a0fe2055a0,0,"Aug 10, 2022",5,f_15,Handy translator,Handy translator,Joy,
Instagram,SOCIAL,012e923d-d9e9-46d3-9999-379d943c3adc,0,"Sep 14, 2022",5,f_218,Good customer feedback,Good customer feedback,Joy,
Material Notes: Colorful notes,PRODUCTIVITY,018397b4-fc15-4ba2-a93e-4119461758a5,0,"Dec 10, 2017",3,f_30,"Beautiful app, but without cloud sync","Beautiful app, but without cloud sync",Joy,Sadness
Amber Weather,WEATHER,01cc8793-6db8-435f-bf0d-c6dcec230fd9,0,"Apr 23, 2021",3,f_35,"Up until recently, this app was amazing but now it struggles to find my location by both network and gps resulting in inaccurate weather. I hope this gets fixed soon","Up until recently, this app was amazing but now it struggles to find my location by both network and gps resulting in inaccurate weather.",Sadness,
Weather Radar Widget,WEATHER,01d4bdc4-59d2-4c16-a0b0-be80428a9a94,0,"Aug 30, 2021",5,f_472,"Excellent, the best Weather Radar Widget.","Excellent, the best Weather Radar Widget.",Joy,Trust
WhatsApp Wallpaper,PERSONALIZATION,0250aa68-248d-48a0-9818-9cd4f3a8b700,0,"Aug 24, 2020",1,f_482,Very annoying encryption information takes up a lot of screen. Have asked WA to remove it but they won't.,Very annoying encryption information takes up a lot of screen.,Anger,
Telegram,COMMUNICATION,0285cde0-a37a-4990-81ac-95741002186f,0,"Aug 22, 2022",3,f_220,The app helps you to meet new people but a lot of pornographical content,The app helps you to meet new people but a lot of pornographical content,Joy,
Facebook Lite,SOCIAL,02c0d8be-2fce-4553-9dc3-b217bc138500,0,"Sep 14, 2022",1,f_424,I hate that the most relevant comments are prioritized in comment section. Y'all gotta learn that we wanna see all the comments first. Let us decide if we wanna see the relevant comments 'coz sometimes they aren't really relevant.,I hate that the most relevant comments are prioritized in comment section.,Anger,
"Notebook - Notes,To-do,Journal",PRODUCTIVITY,03526036-f33b-46a6-a27f-9ab45db57d09,1,"Jun 23, 2022",5,f_40,"The features of the app are fantastic. In fact, they're the best I've seen in any notetaking app. Migrate from Evernote, sync across devices, browser-based access, and backup/export (Zoho and html formats) are all available. Tons of options and smooth functionality.","In fact, they're the best I've seen in any notetaking app.",Trust,
Repeat Habit - Habit tracker f,PRODUCTIVITY,037b7b4b-0ae3-46b2-a2a4-15a0939c02ba,0,"May 06, 2021",5,f_7,Amazing habit tracker. I've tried sooooo many but nothing satisfied me. This one on the other hand.... Absolutely blew my mind. Definitely recommend it to anyone.,Amazing habit tracker.,Joy,
ColorNote Notepad Notes,PRODUCTIVITY,03be8f94-5fd6-4ba0-bd75-1473d22d7de6,1,"Jun 29, 2022",2,f_271,"Updates needed ğŸ™ Please see task notes app (made by compilers hub - yellow coloured icon with image of mobile & pen), that app has formatting options like bold, underline, italic, double strike, font size selection like MS-OFFICE ğŸ™","Updates needed ğŸ™ Please see task notes app (made by compilers hub - yellow coloured icon with image of mobile & pen), that app has formatting options like bold, underline, italic, double strike, font size selection like MS-OFFICE ğŸ™",Anticipation,
ColorNote Notepad Notes,PRODUCTIVITY,03dacc12-a951-42b7-a65c-e0091f322535,2,"Jul 15, 2022",1,f_258,"Could be much better! Overrated like most free apps. No voice recognition, no support for S-pen, Zero rich text formatting options, and swipe gestures are missing. Another huge irritant is having to double click to edit! Why all this hassle? Yet there's no save button in the editor so you have to press the device back (soft) button multiple times to save! Definitely not easy to use. Purely overrated garbage. How is this on top of search? Pure hype!","No voice recognition, no support for S-pen, Zero rich text formatting options, and swipe gestures are missing.",Sadness,
SMS Backup+,TOOLS,03e332d2-74ea-4736-bb72-5f0fafd269e8,0,"Nov 25, 2018",3,f_130,"It backed up most texts fine, but the group chats came out very wonky. I have a group chat with my 2 sisters and my mom, and it seems to have separated the group so that I have a thread of replies from one sister, a thread from the other sister, and a thread from my mom. Messages with pictures are a little odd as well- sometimes they're in place in the thread, but some are separated out in their own thread.","It backed up most texts fine, but the group chats came out very wonky.",Sadness,Joy
Verizon Messages,COMMUNICATION,040d6461-b165-4e47-b974-106191817c42,0,"Sep 09, 2022",3,f_468,I think it could be better it's supposed to be private messaging it's not completely or that's what I was told the + meant private ğŸ¤· ğŸ’¯ ğŸ¤” ğŸ¤” ğŸ™ƒ not,I think it could be better it's supposed to be private messaging it's not completely or that's what I was told the + meant private ğŸ¤· ğŸ’¯ ğŸ¤” ğŸ¤” ğŸ™ƒ not,Sadness,
SMS text messaging app,COMMUNICATION,048f1aa9-9924-4510-9df7-4bf8291642e1,0,"Aug 18, 2022",4,f_120,Watchap text messaging,Watchap text messaging,Neutral,
Repeat Habit - Habit tracker f,PRODUCTIVITY,04af7854-0948-4613-a035-b8fabd895aa7,0,"Jun 20, 2021",5,f_7,This is so far the Best Habit Tracker !! Recommendation: Bring in visual Infographics Custom Start Date,This is so far the Best Habit Tracker !!,Trust,
Height Increase Workout,HEALTH_AND_FITNESS,050a9865-8da1-4d1d-b214-b7ed8eec528b,1,"Mar 31, 2022",5,f_494,Awesome app no video ads and if there are they are short and quick. Perfect diet planner and sleep tracker.exercises are easy to do and effective.,Perfect diet planner and sleep tracker.,Joy,
Material Notes: Colorful notes,PRODUCTIVITY,051917fb-14fa-4161-b2d0-1d79bd79e493,3,"Nov 02, 2016",5,f_378,I love it! I'd like to see a web version too though so I can access my notes from any device. .... Google integration please?,.... Google integration please?,Anticipation,
Samsung Notes,PRODUCTIVITY,05220555-5f78-4c64-9d31-87c525d87a92,1,"Jul 09, 2022",1,f_479,"After using it more than 2 years, Recently I found a problem. My notes are getting stored in internal memory (local Storage). I can NOT move my notes to extended SD card. There is no option to upload all notes to cloud without having actual copy on my internal memory. My local storage is full because of notes. Now looking for alternative apps",My notes are getting stored in internal memory (local Storage).,Neutral,
Telegram,COMMUNICATION,05b31876-6f40-4474-b29f-9ff838c61aab,0,"Aug 30, 2022",5,f_310,Very fast and highly encrypted application,Very fast and highly encrypted application,Joy,Trust
"Notebook - Notes,To-do,Journal",PRODUCTIVITY,0622351d-8b11-4718-b38f-26e6627871a9,3,"Jul 18, 2022",5,f_246,Just what I needed. I needed a Notes App that would sync between my Android phone and my Windows desktop. My only complaint is that I wish it had more options for the individual notebook cover art. I would like to be able to use my own photos or graphics for any given notebook. But this is a minor issue. The App does what I need it to do!,I would like to be able to use my own photos or graphics for any given notebook.,Anticipation,
MAPS.ME: Offline maps GPS Nav,TRAVEL_AND_LOCAL,064ecf75-c723-48d0-8b06-b85f0f4c7802,5,"Jul 01, 2022",1,f_218,"It appears the only way the developers have to update this app is to uninstall it, delete all my downloaded maps and install the new version! So, now I've had to redo my settings and download my maps again - thanks for that! Also, there's a new button on the screen(online) which gives me no idea as to what it's used for. A hint would have been nice. No change from the last time a new version was rolled out. The developers are incapable of learning from their mistakes and customer feedback.",The developers are incapable of learning from their mistakes and customer feedback.,Anger,
Forest: Focus for Productivity,PRODUCTIVITY,06e3c034-0e3e-47e1-9133-e032ddb13d2b,0,"Sep 10, 2022",5,f_261,This app has been very useful to me.... due to the timer thing I could just focus more on studying rather than procrastinate,This app has been very useful to me.... due to the timer thing I could just focus more on studying rather than procrastinate,Trust,
Cozi Family Organizer,PRODUCTIVITY,070cb3f4-688b-4ce5-8db7-73f54251362c,1,"Jul 12, 2022",5,f_101,"No complaints. It works great for a shared family calendar, grocery lists, and to-do lists. I can put assignments on my husband's to-do list.","It works great for a shared family calendar, grocery lists, and to-do lists.",Joy,
adidas Running: Sports Tracker,HEALTH_AND_FITNESS,0759e2bc-0f59-411a-a61c-13eb12fa62d6,1,"Aug 07, 2022",5,f_15,Love this app. Can I suggest a translator in the news feed with our friends we follow please,Can I suggest a translator in the news feed with our friends we follow please,Anticipation,
Stopwatch Timer,TOOLS,077c2f79-b02f-4ffb-8d19-a07eefc72cff,0,"Jun 13, 2022",4,f_63,Pretty useful as regular timer and stopwatch,Pretty useful as regular timer and stopwatch,Joy,
Buttocks Workout - Fitness App,HEALTH_AND_FITNESS,077c6eb0-cff4-4704-9dbb-c437ef753c0a,0,"Jul 01, 2022",5,f_344,Educational,Educational,Joy,Neutral
Todoist: to-do list & planner,PRODUCTIVITY,079f6740-fe65-4356-ab56-e8ec5049c4d0,1,"Jan 04, 2022",4,f_104,"Todoist is the cornerstone of my organizational system. I am an undergraduate student and use this app to manage my reading assignments, exam schedule, administrative deadlines etc. sync with windows 10 desktop app is awesome. I am a free user and would gladly pay a one time price for full features here but a monthly subscription is a turn off.","I am an undergraduate student and use this app to manage my reading assignments, exam schedule, administrative deadlines etc.",Trust,
Stuff - To Do List Widget,PRODUCTIVITY,07b4aa0d-d459-46de-bcc8-1861d0e77128,1,"Mar 06, 2022",5,f_210,"Perfect. Customizable. So easy to add items to lists and remove them when completed. Create any category you want. Make text any size or color. I dedicated another screen on my phone for this widget. Appointments, to do, groceries,etc. Much better and faster than using pen and paper. On my black background and the transparency options combined, the text stands right out. So many options. I would have paid a little more. Many thanks to the developer. Highly recommend!",Customizable.,Joy,
Stuff - To Do List Widget,PRODUCTIVITY,07b4aa0d-d459-46de-bcc8-1861d0e77128,1,"Mar 06, 2022",5,f_233,"Perfect. Customizable. So easy to add items to lists and remove them when completed. Create any category you want. Make text any size or color. I dedicated another screen on my phone for this widget. Appointments, to do, groceries,etc. Much better and faster than using pen and paper. On my black background and the transparency options combined, the text stands right out. So many options. I would have paid a little more. Many thanks to the developer. Highly recommend!","On my black background and the transparency options combined, the text stands right out.",Neutral,
Just Run: Zero to 5K (and 10K),HEALTH_AND_FITNESS,07f84b75-45fb-4ec4-a04e-7c8abe4e1412,4,"Jul 23, 2022",5,f_506,"I really enjoy this app. It's simple to use , doesn't take up too much resources, doesn't require any crazy permissions. It does a good job announcing when you've completed half of your run and when to start cooling down. One thing that might make it slightly better, if there were a way to announce during your run how much time you have completed, like every 15 minutes or so. Overall a great running app!",Overall a great running app!,Joy,
Social Contact Photo Sync,SOCIAL,08079079-368a-4734-93e4-361f5024b351,0,"Mar 18, 2017",1,f_189,I cannot sync contacts with Facebook. I have official app and root. What a crap....,I cannot sync contacts with Facebook.,Sadness,
CloudCal Calendar Agenda Plann,PRODUCTIVITY,0808202c-d3fa-451f-9e1b-f5a6cd24c316,0,"May 23, 2020",5,f_96,Love this Calendar! Sleek and visually simple but with plenty of features and app supports but not invasive. Setting notifications (standard or unique) is simple and cross device sync has never failed to remind me of an event wherever I've been.,Love this Calendar!,Trust,
Samsung Health,HEALTH_AND_FITNESS,08293fc9-5566-4c91-ade5-4c11e4ccf150,1,"Sep 12, 2022",1,f_360,"Advertises pulse, oxygen, etc. which were removed from app. Only good for steps and calorie counting now.",Only good for steps and calorie counting now.,Sadness,
Work Shift Calendar,PRODUCTIVITY,08bdbca9-1826-4665-ada7-d34444ad014a,4,"Jul 12, 2022",5,f_109,"Update 2022: This app continued to be one of my preferred apps on play store. I love this app and I bought the paid version to help the developer. In my job I have non regular shifts patterns and the app helps me to make all them manually. When I have changes I use the notes and it is a very good way to record changes. I didn't use a lot the calendar sync to make a review. I hope they continue updating the app, however essentially I don't think it needs changes.",I didn't use a lot the calendar sync to make a review.,Neutral,
Turtl,PRODUCTIVITY,090957c3-813b-446e-9d33-fdde6a4726f9,1,"Aug 24, 2019",5,f_310,Very cool so far. Basic and encrypted. Nice and simple layout. Syncs to Windows. Hoping to support it after some testing,Basic and encrypted.,Joy,Trust
Macros - Calorie Counter,HEALTH_AND_FITNESS,0925208b-7945-430d-ac99-c0acd599bc61,6,"Jun 28, 2022",4,f_439,Has searchable online food nutrient data and stores your copies and edits local. Contributed data is not always correct. Simple to use. Does this weird thing where if you add excercise it increases the daily value targets for some reason. Don't like that but otherwise mostly clean concise app. Would allow a person to export and reimport a spreadsheet of nutrient data to make mining the web easier. Barcode scanner doesn't work but I think it's my camera.,Barcode scanner doesn't work but I think it's my camera.,Sadness,
Wemoji - WhatsApp Sticker Make,COMMUNICATION,093075c0-9224-4e8f-9292-16f633f212ba,0,"Feb 15, 2022",5,f_32,"The app is good,actually I love how i was able to make funny stickers and share them with my friendsğŸ˜.Although I got annoyed with some ads but all in all great app.","The app is good,actually I love how i was able to make funny stickers and share them with my friendsğŸ˜.",Trust,
ColorNote Notepad Notes,PRODUCTIVITY,093e5cc6-8ec0-4825-9839-765734e0c4f5,1,"May 11, 2022",5,f_209,Great app. Well integrated sync between devices and simplistic UI.,Well integrated sync between devices and simplistic UI.,Joy,
True Phone Dialer & Contacts,COMMUNICATION,0963b508-97bd-4053-bd39-0ff960b659b1,1,"Jul 08, 2022",5,f_23,Custom features are simply amazing. Bringing Material design will uplift this app to an another level.,Bringing Material design will uplift this app to an another level.,Anticipation,
My Shift Planner - Calendar,PRODUCTIVITY,09a497f5-6260-4329-a89e-0a3d54da53d1,0,"Sep 15, 2022",5,f_494,I've had the free version of shift planner for years as I work Fifo and it helps me plan ahead knowing whether I'm at home or on break. Since purchasing the paid version I use the app more than ever before. I'd be lost without it now ğŸ˜Š,I've had the free version of shift planner for years as I work Fifo and it helps me plan ahead knowing whether I'm at home or on break.,Trust,
AccuWeather: Weather Radar,WEATHER,0a00723d-c25f-4882-8cc7-2123fd6923f5,0,"Sep 05, 2022",1,f_472,"// Update 9/4/22: The RADAR is still grossly inaccurate. // The RADAR forecast is not even close to accurate. People plan their days based on forecasts. In Florida we need to know when storms will arrive. Far more often than not this app shows storms but then nothing happens. People plan their days based on weather forecasts. And while it's impossible to be perfect, this app is far more wrong than correct.. I pay for this version and I expect better. It's garbage. Plain and simple. Trash.",// Update 9/4/22: The RADAR is still grossly inaccurate.,Disgust,
Easy Message: text without sav,COMMUNICATION,0a2355a0-68e0-4503-80f7-62b03959c7a6,0,"Oct 06, 2021",5,f_46,Excelent applition for instant messaging on WhatsApp.,Excelent applition for instant messaging on WhatsApp.,Joy,
minimalist phone: Productivity,PRODUCTIVITY,0a7711f2-f2d0-4ba7-8791-16f3ac80f8e2,2,"Aug 29, 2022",1,f_126,"This is a paid service with recurring billing, it does not say so until you have completed downloading the app and the set up permissions. I would give a much better rating but this is just lame, you have to pay for a recurring plan, and you can pay more for unlimited use. But there is no way to use this app for free, and I wouldn't be surprised if a large amount of revenue comes from downloads immediately uninstalled because no one wants to subscribe to use a launcher... They're mostly free.","But there is no way to use this app for free, and I wouldn't be surprised if a large amount of revenue comes from downloads immediately uninstalled because no one wants to subscribe to use a launcher...",Disgust,
Phone by Google,TOOLS,0a832706-3e1d-415a-9174-ca82b168754c,1,"Sep 15, 2022",1,f_215,Worst app by Google. Not able to provide basic features like caller id call recording,Not able to provide basic features like caller id call recording,Sadness,
True Phone Dialer & Contacts,COMMUNICATION,0aaa4ad5-c21b-4fb4-89c1-939556635d21,1,"Jun 28, 2022",5,f_45,It's really very impressive.. It would be even more awesome if themes and custom background was added.. But all it all I love it,It would be even more awesome if themes and custom background was added..,Anticipation,
Google Keep - Notes and Lists,PRODUCTIVITY,0ab467a5-e143-4393-9519-1fbe1151b6c1,1,"Sep 06, 2022",1,f_140,"always buggy... almost every update is bad. how can such a simple app designed to make my workflow easier be such a problem. it doesnt sync random notes, some improtant information I wrote down simply got lost forever thanks to your app. I've lost more time troubleshooting this than all the other apps on my phone. jesus christ",how can such a simple app designed to make my workflow easier be such a problem.,Sadness,
True Phone Dialer & Contacts,COMMUNICATION,0b066f46-13b8-4130-8c69-4db6bb9c7967,0,"Jun 04, 2022",5,f_129,"Please add video calling option please thats it, in this app all function are good nice use","Please add video calling option please thats it, in this app all function are good nice use",Anticipation,Joy
ColorNote Notepad Notes,PRODUCTIVITY,0b300662-5ded-43f3-8bd1-7497e089d403,1,"Jul 07, 2022",5,f_482,"Simple and Fast. Encryption may be lacking..., Haven't had an issue yet!","Encryption may be lacking..., Haven't had an issue yet!",Anticipation,Trust
Telegram,COMMUNICATION,0b5bb865-364f-4b08-ba38-bca9a7c73667,0,"Sep 06, 2022",4,f_54,Privacy settings to control who can add us to groups!,Privacy settings to control who can add us to groups!,Fear,
WBTV First Alert Weather,WEATHER,0b644505-2e72-47d2-9115-9712064003cc,0,"May 18, 2022",2,f_60,"Too many notifications, ugh. I don't need a notification that says oh it will be nice tonight. I got the app for severe notifications. Don't see a setting for just that. Love wbtv but this wx app is overkill.","Too many notifications, ugh.",Sadness,
Pomodoro Timer,PRODUCTIVITY,0b998d52-d383-4e20-96a3-5cba1f441501,1,"Jan 18, 2022",5,f_140,"Simple to use and such clean, relaxing design. I turn to this app when I'm having trouble focusing on a single task, just to bring a bit of extra structure to my workflow.","I turn to this app when I'm having trouble focusing on a single task, just to bring a bit of extra structure to my workflow.",Trust,
Huawei Health,HEALTH_AND_FITNESS,0b9f61b2-2b2c-41df-b938-121770d3cccd,2,"Sep 04, 2022",1,f_117,"Absolutely ridiculous app. I'm locked out of my watch now. First message was my watch is no longer supported. Then delete and reload. Try to login but need password reset so get reset code. Then I have to enter my old password to get my new one. How stupid is this? Thank goodness I have a Tic Watch. Update... If I request help from the app it takes THREE DAYS to process. This is a watch, not my bank account. Ridiculous!!!!",First message was my watch is no longer supported.,Sadness,
Loop Habit Tracker,PRODUCTIVITY,0c10e656-c938-4c52-a34b-e2d253cca485,0,"Apr 03, 2022",5,f_7,Simple and easy to use habit tracker,Simple and easy to use habit tracker,Joy,
WA.Status Saver - Downloader,SOCIAL,0c417e11-3b19-49a9-bded-9ed0d2e6664b,0,"Apr 02, 2022",5,f_128,I just love the aspect that it restores deleted messages. Saves video chat and very easy to use,I just love the aspect that it restores deleted messages.,Trust,
Garmin Smartphone Link,TRAVEL_AND_LOCAL,0c5be2eb-f26f-4c39-bc10-e44e11537392,3,"Jan 08, 2020",1,f_52,"App runs continuously. It won't shut off, comes on even when you aren't using the device or anywhere near it. Even if you force stop the app, it comes on again trying to connect to the device. Very annoying as it is also a push notification and shows on your status bar. Lots of apps run when not needed, but this one runs and shows you it's running. I've had to delete it.",Very annoying as it is also a push notification and shows on your status bar.,Disgust,
Cozi Family Organizer,PRODUCTIVITY,0c6c1a25-af1c-47ac-9c2b-e719012dbd92,0,"May 06, 2022",5,f_101,We've been using Cozi as our shared family calendar and to-do list for over 10 years. We can't say enough good things about the app and it's developers.,We've been using Cozi as our shared family calendar and to-do list for over 10 years.,Trust,
Water Drink Reminder,HEALTH_AND_FITNESS,0c82b0eb-7464-4347-ac0d-c8f106fff314,0,"Apr 01, 2022",3,f_60,"Not bad but the ads get obnoxious, the notifications are spotty and it doesn't sync anything besides pulling wieght from fit.","Not bad but the ads get obnoxious, the notifications are spotty and it doesn't sync anything besides pulling wieght from fit.",Sadness,
Garmin Smartphone Link,TRAVEL_AND_LOCAL,0ca81c4e-16e0-4576-ae7d-94fa1a9611c7,1,"Mar 14, 2020",1,f_133,Useless. Can't get it to connect without linking phone calls. My vehicle does that. I don't want it to answer phone calls. I want it to monitor traffic. It wants to do it all or nothing. I will delete it.,Can't get it to connect without linking phone calls.,Sadness,
Lifesum: Healthy Eating & Diet,HEALTH_AND_FITNESS,0cfc1ebf-39dd-41e3-95cc-2e23b6e9ee31,1,"Aug 31, 2022",4,f_331,"The app UI is simple and friendly, this makes being consistent with the tracking easy. Not giving 5 stars cause there could be a few improvements: 1. Have a web version for logging kcal on the go when on the laptop and away from the phone. 2. Frequent foods are siloed in each meal. If I wanna log an item at dinner but I usually eat it at lunch I'll have to look it up again. 3. Search could show frequent foods or foods already used first to partially address point 2",Not giving 5 stars cause there could be a few improvements:,Anticipation,Sadness
WhatsApp Wallpaper,PERSONALIZATION,0d34f7dd-a0ee-4a47-afa6-b2d1ad5d5485,0,"Mar 13, 2022",5,f_180,awesome team work but this application does need updating now Twice a year since it hasn't been updated since may 2011 it would be great if you update this application every month and year like you do with WhatsAppğŸ‘ ğŸ’ğŸ’ğŸ’â¤â¤ï¸ğŸ‘ğŸ‘ğŸ‘ğŸ‘ğŸ‘ğŸ‘ğŸ‘ğŸ‘ğŸ‘ğŸ‘ğŸ‘ğŸ‘ğŸ‘ğŸ‘ğŸ‘ğŸ‘ğŸ‘ğŸ‘ğŸ‘ğŸ‘ğŸ‘ğŸ‘ğŸ‘ğŸ‘ğŸ‘ğŸ‘ğŸ‘ğŸ‘ğŸ‘ğŸ‘ğŸ‘ğŸ‘ğŸ‘ğŸ‘ğŸ‘ğŸ‘ğŸ‘ğŸ‘ğŸ‘ğŸ‘ğŸ‘ğŸ‘ğŸ‘ğŸ‘ğŸ‘ğŸ‘ğŸ‘ğŸ‘ğŸ‘ğŸ‘ğŸ‘ğŸ‘ğŸ‘ğŸ‘ğŸ‘ğŸ‘ğŸ‘ğŸ‘ğŸ‘ğŸ‘ğŸ‘ğŸ‘ğŸ‘ğŸ‘ğŸ‘ğŸ‘ğŸ‘ğŸ‘ğŸ‘ğŸ‘ğŸ‘ğŸ‘ğŸ‘ğŸ‘ğŸ‘ğŸ‘ğŸ‘ğŸ‘ğŸ‘ğŸ‘ğŸ‘ğŸ‘ğŸ‘ğŸ‘ğŸ‘ğŸ‘ğŸ‘ğŸ‘ğŸ‘ğŸ‘ğŸ‘ğŸ‘ğŸ‘ğŸ‘ğŸ‘ğŸ‘ğŸ‘ğŸ‘ğŸ‘ğŸ‘ğŸ‘ğŸ‘ğŸ‘ğŸ‘ğŸ‘ğŸ‘ğŸ‘ğŸ‘ğŸ‘ğŸ‘ğŸ‘ğŸ‘ğŸ‘ğŸ‘ğŸ‘ğŸ‘ğŸ‘ğŸ‘ğŸ‘ğŸ‘ğŸ‘ğŸ‘ğŸ‘ğŸ‘ğŸ‘ğŸ‘ğŸ‘ğŸ‘ğŸ‘ğŸ‘ğŸ‘ğŸ‘ğŸ‘ğŸ‘ğŸ‘âœ”ï¸âœ”,awesome team work but this application does need updating now Twice a year since it hasn't been updated since may 2011 it would be great if you update this application every month and year like you do with WhatsAppğŸ‘ ğŸ’ğŸ’ğŸ’â¤â¤ï¸ğŸ‘ğŸ‘ğŸ‘ğŸ‘ğŸ‘ğŸ‘ğŸ‘ğŸ‘ğŸ‘ğŸ‘ğŸ‘ğŸ‘ğŸ‘ğŸ‘ğŸ‘ğŸ‘ğŸ‘ğŸ‘ğŸ‘ğŸ‘ğŸ‘ğŸ‘ğŸ‘ğŸ‘ğŸ‘ğŸ‘ğŸ‘ğŸ‘ğŸ‘ğŸ‘ğŸ‘ğŸ‘ğŸ‘ğŸ‘ğŸ‘ğŸ‘ğŸ‘ğŸ‘ğŸ‘ğŸ‘ğŸ‘ğŸ‘ğŸ‘ğŸ‘ğŸ‘ğŸ‘ğŸ‘ğŸ‘ğŸ‘ğŸ‘ğŸ‘ğŸ‘ğŸ‘ğŸ‘ğŸ‘ğŸ‘ğŸ‘ğŸ‘ğŸ‘ğŸ‘ğŸ‘ğŸ‘ğŸ‘ğŸ‘ğŸ‘ğŸ‘ğŸ‘ğŸ‘ğŸ‘ğŸ‘ğŸ‘ğŸ‘ğŸ‘ğŸ‘ğŸ‘ğŸ‘ğŸ‘ğŸ‘ğŸ‘ğŸ‘ğŸ‘ğŸ‘ğŸ‘ğŸ‘ğŸ‘ğŸ‘ğŸ‘ğŸ‘ğŸ‘ğŸ‘ğŸ‘ğŸ‘ğŸ‘ğŸ‘ğŸ‘ğŸ‘ğŸ‘ğŸ‘ğŸ‘ğŸ‘ğŸ‘ğŸ‘ğŸ‘ğŸ‘ğŸ‘ğŸ‘ğŸ‘ğŸ‘ğŸ‘ğŸ‘ğŸ‘ğŸ‘ğŸ‘ğŸ‘ğŸ‘ğŸ‘ğŸ‘ğŸ‘ğŸ‘ğŸ‘ğŸ‘ğŸ‘ğŸ‘ğŸ‘ğŸ‘ğŸ‘ğŸ‘ğŸ‘ğŸ‘ğŸ‘ğŸ‘ğŸ‘ğŸ‘ğŸ‘ğŸ‘âœ”ï¸âœ”,Anticipation,Joy
Huawei Health,HEALTH_AND_FITNESS,0d40aa79-678e-433a-9197-5460770de8f9,0,"Jan 11, 2022",3,f_506,"HH has still many improvements to be done for classic and elegant versions of the Huawei GT2, there is only 5 activities to be able to add in the app when the watch does not track it: indoor and outdoor running, swimming on open and pool and walking. However the watch has ""Other"" For any other activity uncathegorised, let say for example you do climbing, calethenics, yoga, pilates... But if the watch was not activated to track the class or activity you can not add it on the app a posteriory....","HH has still many improvements to be done for classic and elegant versions of the Huawei GT2, there is only 5 activities to be able to add in the app when the watch does not track it: indoor and outdoor running, swimming on open and pool and walking.",Sadness,
ColorNote Notepad Notes,PRODUCTIVITY,0d5f15da-f4d9-4526-a5b6-62c1945b3c74,0,"Jul 14, 2022",5,f_257,"Easy to use, negligible ads, syncs across devices, highly recommend.","Easy to use, negligible ads, syncs across devices, highly recommend.",Joy,
Habit Hunter: RPG goal tracker,PRODUCTIVITY,0d699368-d8fe-4deb-949d-d2096e9304bd,1,"Jul 29, 2022",3,f_99,"I don't like that you're penalized for being late on goals. Free to play but you need to pay to remove ads, have more than three milestones per goal, and unlock the full map","Free to play but you need to pay to remove ads, have more than three milestones per goal, and unlock the full map",Sadness,
Clock,TOOLS,0d7281cf-e208-4879-a4c2-de5410e749ad,0,"Aug 11, 2022",1,f_237,"Until last month I had no problems with the app but nowadays when I open battery saver mode my alarms give this warning: ""Battery saver might degrade your alarm and timer experience"", instead of ringing. I missed my classes and many important things because of that. Until it fixed I will use other apps and disable this one, good job.","Until last month I had no problems with the app but nowadays when I open battery saver mode my alarms give this warning: ""Battery saver might degrade your alarm and timer experience"", instead of ringing.",Sadness,Surprise
"Strava: Run, Ride, Hike",HEALTH_AND_FITNESS,0dd5d101-76fa-4aaf-9f31-00f3944391a0,0,"Sep 02, 2022",3,f_239,Social networking aspects are nice but app fails to maintain tracking signal quite often losing signal during runs and rides. Have reloaded several times,Social networking aspects are nice but app fails to maintain tracking signal quite often losing signal during runs and rides.,Sadness,Joy
Weather Radar Widget,WEATHER,0de6e3ba-1253-42fd-98db-f71438bdf40e,1,"Dec 27, 2021",2,f_398,"Have app set to pick up tablet location. Displays correct location scrolling across screen, but map ALWAYS shows tablet location 35-50 miles away rendering app virtually useless. Have checked all settings - still no avail","Displays correct location scrolling across screen, but map ALWAYS shows tablet location 35-50 miles away rendering app virtually useless.",Disgust,
Half Marathon Training Coach,HEALTH_AND_FITNESS,0e8127d8-4f3b-45c1-a21f-4c311f5d186b,1,"Aug 23, 2021",2,f_164,Intermittent. This app kinda works in that it times my runs but gps stops halfway or it shows on the map but says I've done .75km of a +10k. And yes all access to gps has been set it worked for 2 weeks then reverted. Also have paid for pro version but every few weeks it resets and only gives me the first bit of free weeks. Not very impressed but great when it works!,This app kinda works in that it times my runs but gps stops halfway or it shows on the map but says I've done .75km of a +10k.,Sadness,
Post-itÂ®,PRODUCTIVITY,0ea8e30c-e727-4cce-99e2-1ea148843e55,13,"Mar 20, 2022",3,f_257,"It general, it's a nice app to mess with -- but the more I use it, the more I find it too clumsy to tackle my needs. For example, if you back out of a note, you should get a warning that your scribble is going to be lost...(uggh). I got lucky and somehow was able to pinch and zoom in -- but I have not been able to replicate something so simple. Clearly it's there -- somewhere, but not where would expect it to be consistently (e.g., everywhere would be nice for larger screen users like me). While you can re-size the note background, and scale the content to size -- you cannot move the block of content to make resizing the note more functional. Nor change the pen inking width (that I could find). Moving notes about -- it is very crude feeling for more serious matters. I have yet to find any 'gestures' to rotate notes, but I did find the 90-degree flip... (not like in the demo with slight rotations). I like the idea of the widget on my Fold3, but I find the integration to the main app to be just to awkward to use. It has plenty of potential -- any maybe buried or hidden functionality waiting for a spelunker. I am also sure it's great in select scenarios/use-cases. Overall, it is cute, but awkward. It stumbles as I tried to use it more... Also, some type of sync across devices would be helpful. The plumbing is already in, so provide an option to move the data to a cloud store (many to choose from) to support multiple devices. All in all, some cool stuff, light feel; but misses in a lot of places. I look forward to seeing where it goes a few iterations down the road.","Also, some type of sync across devices would be helpful.",Anticipation,
Steam Chat,COMMUNICATION,0ecf2505-bbc1-4e60-8734-682d86c9c75a,1,"Jun 17, 2021",1,f_62,"sometimes when sending a message it straight up crashes, this app is a joke and should be merged with the other steam app I see no reason not too! Also to make this better add Voice Chat please!!!",Also to make this better add Voice Chat please!!!,Anticipation,
ViewRanger,HEALTH_AND_FITNESS,0f18213a-2d64-4e10-96f3-8fb32410894a,1,"Jan 30, 2022",5,f_241,"Great app that works exactly as it should and with OS maps in the UK it really was so useful and NEVER crashed and NEVER let me down. And now the truly absurd bit - somebody called Outdoor Active bought VR and cancelled all our subscriptions. So now they get no money & we get no OS maps. I'm deeply saddened by the stupidy of this & the bizarre notion that we'll start paying Outdoor Active instead for their cr-App. Outdoor Active, please sell VR to somebody else rather than buying and binning it.",And now the truly absurd bit - somebody called Outdoor Active bought VR and cancelled all our subscriptions.,Anger,Surprise
Notepad â€“ Notes and Checklists,TOOLS,0f4eb7b5-8c5e-40e6-a093-3cb3dc9b813f,0,"Sep 08, 2022",1,f_247,How many permissions does a checklist making app need?! Lost a customer because of the run around. You DO NOT need my location. *edit in response to developers: I should be able to use the app without allowing the location permission. You can't change my mind here. *another response to editors: I tried repeatedly after downloading to refuse the location permission. All it did was turn me around to the pervious screen. Don't lie to me.,How many permissions does a checklist making app need?!,Anger,
Instagram,SOCIAL,0f77e723-1b32-4295-9f04-5d312745bd93,0,"Sep 15, 2022",2,f_331,management pls fix the prob of logging and hanging in I.g ğŸ˜ ğŸ˜ ğŸ˜ ,management pls fix the prob of logging and hanging in I.g ğŸ˜ ğŸ˜ ğŸ˜ ,Anger,
BlackNote Notepad Notes,PRODUCTIVITY,0fcb8af3-45e1-4151-98b2-64f97a03912c,0,"Feb 13, 2022",5,f_40,Solid notetaking app,Solid notetaking app,Joy,
aCalendar - your calendar,PRODUCTIVITY,102f5bcf-b476-49c1-a757-73cde865c7b6,3,"Jun 03, 2022",1,f_432,"You pay to have ads removed, you pay to get colors which I did--the wording suggested I would get many colors but instead I only got about six. ğŸ’° Grab. I uninstalled it and got ""Cute Calendar : Daily Planner"". My Cute Calendar's theme is cats, but there are numerous other things to choose from plus a place for To Do, Diary, Event reminders, background changes, photos & more. Satisfies the kid in me who needs all that it offers and it contains a lot, no hidden fees, cost options spelled out.","My Cute Calendar's theme is cats, but there are numerous other things to choose from plus a place for To Do, Diary, Event reminders, background changes, photos & more.",Trust,
Month: Calendar Widget,PRODUCTIVITY,109b4518-17ff-47b4-9ccc-6aa0ee4a50ee,0,"Mar 30, 2022",4,f_109,This app is excellent but the calendar syncing isn't perfect,This app is excellent but the calendar syncing isn't perfect,Joy,Sadness
Messages,COMMUNICATION,10ac6496-6ece-41db-85a8-73395d74c859,1,"Sep 15, 2022",1,f_174,"Just got a new s22 and have to use google messengers and so far the experience is horrible. Chat features will NOT stay connected which means i recieve no text. When i restart my phone or stop the app and clear the cache it will come on for about a minute and then go back to infinite ""connecting"". Pretty sad ""feature"" for the main messanging app on an OS made by a trillion-dollar company",Chat features will NOT stay connected which means i recieve no text.,Anger,Sadness
Clock,TOOLS,1129b4b1-8d74-4493-92bb-e71ce821ea7f,1,"Jul 30, 2022",2,f_236,sketchy it got only digital widget. where the analog clock widget?,where the analog clock widget?,Surprise,
Messenger,COMMUNICATION,119292d8-669a-4f0e-82d2-b03b28fd7b48,0,"Sep 15, 2022",1,f_128,Please fixed the video chat because the echo is to loude please fixed it,Please fixed the video chat because the echo is to loude please fixed it,Sadness,Anticipation
Productivity Challenge Timer,PRODUCTIVITY,11a15914-2109-4a61-8725-d07e782775d1,0,"Apr 25, 2022",5,f_36,Really great app recomended by hum jeetenge YouTube channel,Really great app recomended by hum jeetenge YouTube channel,Joy,
To Do List,PRODUCTIVITY,11cb403b-e84c-4ab7-a6c8-d9dfd19402d7,1,"Aug 14, 2022",5,f_233,Splendid app.. But can you guys please add a feature where we can customize the color and transparency of the widget?,But can you guys please add a feature where we can customize the color and transparency of the widget?,Anticipation,
Todoist: to-do list & planner,PRODUCTIVITY,122958c0-7805-4f1f-bc9e-525f3c13c19a,0,"May 14, 2022",5,f_175,Very intuitive UI and nice for the project management!!! Recommend! ++,Very intuitive UI and nice for the project management!!!,Joy,
Event Alarm Reminder for Googl,TOOLS,1289b18a-953e-4141-9be7-143891b6f42f,0,"Jul 01, 2022",4,f_121,It provides details I need for meeting reminders. Still learning to navigate some of the setups.,It provides details I need for meeting reminders.,Trust,
Stopwatch Timer,TOOLS,12b3e914-d167-4763-8989-773649e44c78,2,"Aug 03, 2022",4,f_63,"[EDIT] Sorry again for still not giving full 5â˜… rating due to the very annoying APP Rating dialog box that still always popped out on the APP Exit even though I had purchased it and had given review + rating here, both almost a year ago. [/EDIT] â€¢â€¢ Cool Timer & StopWatch APP that is accurately, uniquely, and aesthetically designed with eye-soothing colorful themes for personalization. â€¢ Thank You","[/EDIT] â€¢â€¢ Cool Timer & StopWatch APP that is accurately, uniquely, and aesthetically designed with eye-soothing colorful themes for personalization.",Joy,
Messenger,COMMUNICATION,136748d6-621c-4ac3-ae62-007ae15f9d22,2,"Sep 15, 2022",1,f_130,"I keep getting banned from sending messages in group chats, I have friends I want to talk to, I didn't even spam or send anything inappropriate. It's been 3 times, the AI is so damn stupid. I got banned for a day before and I didn't spam anything, but while my friends spammed messages, it was okay. This has been a very annnoying issue, on the part of being a big platform, please fix this terrible bug.","I got banned for a day before and I didn't spam anything, but while my friends spammed messages, it was okay.",Surprise,
"OurHome â€“ chores, rewards, gro",LIFESTYLE,138a3247-8195-4bfa-826c-6410ffb31dac,3,"Jan 17, 2022",3,f_382,"It's almost exactly what we are looking for, but there are a few features missing that we'd happily pay for: 1. Ability to set end date (or end after XX number of occurrences) for repeating tasks. 2. Agenda view. I need to be able to scroll through my week at a glance. Right now I have to go back and forth to the calendar and click through to each day separately. 3. Ability to set ""Today"" as default view. 4. Multi day events (not repeating) 5. Google calendar integration.",Right now I have to go back and forth to the calendar and click through to each day separately.,Surprise,Sadness
Boosted Time Tracker,PRODUCTIVITY,138c7ce8-b4a3-4419-a63c-8d0db1bf30f3,1,"Nov 03, 2021",4,f_64,"Really enjoy this app. My only issue with it is that the timers are in their own place. Would be nice to have the option to choose which timing feature I'd like to use within each task at the time of execution. Other than that, find the app very helpful.",My only issue with it is that the timers are in their own place.,Sadness,
Geo Tracker - GPS tracker,TRAVEL_AND_LOCAL,13c8f261-af81-4abe-8436-d7c31a9ced95,1,"Jul 04, 2022",5,f_106,"This fits my needs perfectly. Good work done, please I suggest you add online and login so we can track sales workers.","Good work done, please I suggest you add online and login so we can track sales workers.",Anticipation,Joy
"Strava: Run, Ride, Hike",HEALTH_AND_FITNESS,13e600e4-b128-4a7f-93f1-d8561dfd0d77,0,"Aug 13, 2022",5,f_220,I enjoy meeting new people in my area and comparing and creating routes.,I enjoy meeting new people in my area and comparing and creating routes.,Trust,
Samsung Notes,PRODUCTIVITY,140086b2-9757-4c1d-906b-c745ca1d2533,0,"Sep 15, 2022",4,f_156,Samusung Notes App is Awesome only one problem found is Multitasking Not Possible Only one File can open at a time I want to read two Files at a time,Samusung Notes App is Awesome only one problem found is Multitasking Not Possible Only one File can open at a time I want to read two Files at a time,Joy,Sadness
Loop Habit Tracker,PRODUCTIVITY,143b605e-fe4d-48b4-8527-217217f22f72,0,"Feb 01, 2022",4,f_7,"This is one of the best free habit tracker app out there, with easy analysis,minmal user interface and one can add as many habits as one may want to but the only problem with that ""it doesn't provide data sync and backup"". If that could be added, no better app than this","This is one of the best free habit tracker app out there, with easy analysis,minmal user interface and one can add as many habits as one may want to but the only problem with that ""it doesn't provide data sync and backup"".",Anticipation,Joy
True Phone Dialer & Contacts,COMMUNICATION,14986a0e-7b07-48a6-99e0-f5966ae04062,1,"Apr 09, 2022",5,f_51,All the features were working well.... But something missed....Volte Video Calling.... Can you fix it in the next update,But something missed....Volte Video Calling....,Anticipation,
Macros - Calorie Counter,HEALTH_AND_FITNESS,14a949b1-7c0a-455f-a5ae-86383d92a212,4,"Apr 26, 2022",5,f_439,"Just starting a keto lifestyle. Honestly I tried 10+ apps before this. Though I admit it can be a little tough to get the hang of it. Once you do its amazing. The barcode scanner is a godsend and 80% of the items it finds saving me tons of time. I can group items as recipes so I don't need to add every item each day, for something like bulletproof coffee. Ads are very minimal and don't hinder functionality. I will likely pay for premium just to support the devs. Thank you for an amazing app!",The barcode scanner is a godsend and 80% of the items it finds saving me tons of time.,Trust,
Transit: Bus & Subway Times,MAPS_AND_NAVIGATION,14ac6c41-f42c-4484-b901-57f369d0ec11,0,"Sep 14, 2022",5,f_414,"Accurate, simple to understand user interface and aesthetically pleasing as well with a modern and clean design.","Accurate, simple to understand user interface and aesthetically pleasing as well with a modern and clean design.",Joy,
Samsung Notes,PRODUCTIVITY,158160a7-c426-4074-9d52-a546d02c70fd,0,"Aug 19, 2022",5,f_399,just need some cloud storage for backup,just need some cloud storage for backup,Anticipation,
Material Notes: Colorful notes,PRODUCTIVITY,1590bde2-7508-41e6-9a69-71099be0f3f7,1,"Oct 25, 2020",4,f_247,"I love this app. Perfect for notes and checklists. I just wish that my swipe keyboard settings worked, it's hunt and peck only as best I can determine.",Perfect for notes and checklists.,Joy,
CBT Thought Diary,HEALTH_AND_FITNESS,159332b0-f308-4041-87f8-88d7bd99ae5e,1,"Sep 15, 2022",5,f_437,This app is working out very well. The daily reminders to check in have really helped me stay connected and I can see an improvement in my mood and my attitude this is a pretty cool app,The daily reminders to check in have really helped me stay connected and I can see an improvement in my mood and my attitude this is a pretty cool app,Trust,
mysms SMS Text Messaging Sync,COMMUNICATION,15a0e6fa-068b-4cc9-afc2-8afb7fe84ee3,3,"Oct 29, 2021",1,f_119,"Un-installed as soon as it sent an unsolicited web link to someone I was texting. I might have paid for app so I could get/receive texts on my iPad, but sending that link ended my trust for this app. The iPad app experience was alright but no split screen, no dark mode, and had limited settings. And I really didn't want to make this app my default SMS messaging app on my android phone.",And I really didn't want to make this app my default SMS messaging app on my android phone.,Disgust,
WhatsApp Wallpaper,PERSONALIZATION,15c877ea-f499-4f12-b69c-104d0cde2b7c,0,"Aug 14, 2020",1,f_174,Can't load the wallpaper on Chat background...,Can't load the wallpaper on Chat background...,Sadness,
Facebook Lite,SOCIAL,15e6193d-e49d-442f-a747-e7f91e0d075d,0,"Sep 14, 2022",1,f_424,"So disappointing lately, I can't go back after opening the comments section unless I restart the phone. Keeps hanging","So disappointing lately, I can't go back after opening the comments section unless I restart the phone.",Sadness,Surprise
"Calendar Notify - Widget, Lock",PRODUCTIVITY,15fb3e8a-3e15-48fe-af4e-0f39264ed2d0,0,"Dec 12, 2021",5,f_96,Great app for calendar viewing.,Great app for calendar viewing.,Joy,
Samsung Notes,PRODUCTIVITY,161dbac1-83c1-4419-a3a2-7f2de23bad91,2,"Aug 11, 2022",5,f_76,"LOVE this app. I keep my keto/locarb recipes on it. I created a folder titled Keto&LoCarb then I add subfolders and categorize, ie. beef, appetizers, drinks, etc. You can put 1 recipe in 2 different folders also...cheeseburger bites in beef and appetizers. I usually copy the link and put in subfolder instead of copy and paste the whole recipe. I did this because I lost all my recipes on this app when my phone crashed. Thats the only drawback. No points deducted bc it happened w alot of my apps.","I created a folder titled Keto&LoCarb then I add subfolders and categorize, ie.",Neutral,
Home Workout - No Equipment,HEALTH_AND_FITNESS,16983f65-6f82-4b61-8739-ea1468b9b66b,1,"Aug 13, 2022",5,f_330,1st day and the training App worked well. No subscriptions (yet). Working pretty fine. I'll wait for tomorrow.,No subscriptions (yet).,Neutral,
Todoist: to-do list & planner,PRODUCTIVITY,16f5fc07-caa9-42fc-832e-674895d2c155,0,"Mar 19, 2022",5,f_494,Awesome task planner.,Awesome task planner.,Joy,
Telegram,COMMUNICATION,170530bc-5f37-48ea-a6e7-eba90742e0fc,5,"Sep 03, 2022",3,f_335,"Lately not so great, as it acts very slow. It is 'Updating' every time I open a chat, emoticons take ages to load again and again. It used to cache them but now since a few weeks, only their shape appears for about a minute (!) It is more frustrating than helpful, unfortunately. Calls have always been difficult, Telegram falls behind WhatsApp in video smoothness. The file sharing and group features are awesome but if it takes so much for the chat content to even appear, it's underwhelming...","The file sharing and group features are awesome but if it takes so much for the chat content to even appear, it's underwhelming...",Joy,Sadness
ColorNote Notepad Notes,PRODUCTIVITY,17484b3a-bc54-46e5-88b4-4450f7f4ebe5,7,"Jul 09, 2022",5,f_104,"Beem using this app for YEARS.. and this review is long over due. I wholeheartedly trust this application, and my data/personal information within it. I've never lost a single poem, idea, list. I have around 1000 notes saved. All backed up automatically and can be pass. protected. This on top of Syncing with your email. I only wish the desktop app worked just as well. 2 Broken phones & i'll find i still have it all. Idk what I'd do without this.. & it's easy to navigate. Ty colornote team!â˜†â˜†â˜†â˜†â˜†",I only wish the desktop app worked just as well.,Joy,
Step Counter - Pedometer,HEALTH_AND_FITNESS,17562997-0193-49cf-abbb-84b19cbd3177,0,"Aug 08, 2022",5,f_498,Love the gamification.,Love the gamification.,Joy,
Tasks,PRODUCTIVITY,175e9f81-7325-42fd-91b6-b3b849948f57,1,"Dec 31, 2021",3,f_437,"Great idea, but not very customizable nor time-efficient. This app works for those who are looking for something really simple ""on the go"" and use it for a simple reminder. There are better apps on the market with much more features.","This app works for those who are looking for something really simple ""on the go"" and use it for a simple reminder.",Joy,
True Phone Dialer & Contacts,COMMUNICATION,17a7c481-d6d3-4761-8501-79534bf2e829,2,"Sep 03, 2021",4,f_129,"Enjoying this app.Overall all good,but Video calling feature is missing. How to enable video calling feature",How to enable video calling feature,Surprise,
Weather forecast,WEATHER,17b08e92-b242-4641-98b3-3313dee0cb08,0,"Dec 31, 2021",5,f_236,Good luck .add some clock widget too,Good luck .add some clock widget too,Sadness,
Make-A-List,PRODUCTIVITY,17bdb6b0-933f-446e-9e05-0dd4dd98e6ed,2,"May 15, 2022",4,f_431,I like the simplicity of the app & the way I can keep track of things I need to get at various stores. I also use it to keep track of tasks I need to complete because I occasionally experience short term memory losses as a result of a panic disorder. The reason I only give 4 stars is because they don't provide an automatic backup system for your lists like others do. They expect you to pay monthly or yearly for that option instead of a one-time fee. Other apps provide this service for free.,The reason I only give 4 stars is because they don't provide an automatic backup system for your lists like others do.,Anticipation,
Weather data & microclimate :,WEATHER,18267b55-242c-4d6b-86cb-de51a150f8c6,0,"Jun 11, 2022",5,f_309,"Good app, does what is expected with better privacy protections.","Good app, does what is expected with better privacy protections.",Trust,
Weather data & microclimate :,WEATHER,18267b55-242c-4d6b-86cb-de51a150f8c6,0,"Jun 11, 2022",5,f_354,"Good app, does what is expected with better privacy protections.","Good app, does what is expected with better privacy protections.",Trust,
imo-International Calls & Chat,COMMUNICATION,185ae1fd-180a-475f-ab9b-2b181637ce5c,0,"Sep 08, 2022",5,f_129,Good video calling and excellent,Good video calling and excellent,Joy,
Step Tracker - Pedometer,HEALTH_AND_FITNESS,188643f7-bc07-449a-97cc-f45c085b5272,0,"Sep 13, 2022",5,f_220,This is the best way to straighten your legs walk for two exercise in case your mind from stress by walking meeting new people when they're walking beside each other have been doing something for a year but it's great I love it thank you so much love when I'm walking and getting healthy!,This is the best way to straighten your legs walk for two exercise in case your mind from stress by walking meeting new people when they're walking beside each other have been doing something for a year but it's great I love it thank you so much love when I'm walking and getting healthy!,Trust,
Loop Habit Tracker,PRODUCTIVITY,1899eec4-2fce-4a3e-907a-5460cb4a46e9,1,"Nov 23, 2021",5,f_68,"Absolutely amazing, there is no analogue to this app on all platforms, absolutely the best! Minimalistic, adaptable to screen, stylish and easy to use. Love it!","Minimalistic, adaptable to screen, stylish and easy to use.",Joy,
Weather Radar Widget,WEATHER,18dadfe9-3d8f-486b-9c84-a9bbcc3a1ce7,0,"Apr 20, 2019",5,f_472,SEE RADAR OF THE NATION I LIKE VIEWING RADAR MAPS THIS ONE IS A GOOD ONE,SEE RADAR OF THE NATION I LIKE VIEWING RADAR MAPS THIS ONE IS A GOOD ONE,Joy,
True Phone Dialer & Contacts,COMMUNICATION,18ee0606-6a3c-494f-a0fe-fe86dd31b526,2,"Dec 17, 2021",5,f_128,"Great phone/dialer app. It has all the features I could ever want. Contact, text, video chat integration all in one. Ringtone customization, easy navigation and very user friendly. I would definitely recommend this app for all your phone needs.","Contact, text, video chat integration all in one.",Neutral,
"Squid: Take Notes, Markup PDFs",PRODUCTIVITY,18ff07c9-b209-4255-8413-fb5104365e34,0,"Dec 27, 2021",3,f_209,App is everything I was looking for except you have to manually backup to sync between devices and content can not be stored on Google drive. This app would easily be 5 stars if it automatically would sync between devices.,App is everything I was looking for except you have to manually backup to sync between devices and content can not be stored on Google drive.,Trust,Anticipation
True Phone Dialer & Contacts,COMMUNICATION,198e5b0c-e4b8-4b66-8c2f-b9f6ea5c7d8e,0,"Aug 23, 2021",5,f_133,It's very amazing new phone calls ğŸ˜ğŸ˜,It's very amazing new phone calls ğŸ˜ğŸ˜,Joy,
WA.Status Saver - Downloader,SOCIAL,1997263d-edda-4882-9b3d-39005de30f76,0,"Mar 23, 2022",1,f_239,Poor networking,Poor networking,Sadness,
Messenger,COMMUNICATION,19c16b8e-3898-45fe-bfcf-804163093329,0,"Sep 13, 2022",5,f_186,I Want to Complain About on Group Chat i can't able to Mention the @Everyone,I Want to Complain About on Group Chat i can't able to Mention the @Everyone,Sadness,
Phone Number Locator Caller id,TOOLS,19cc3464-5fcc-4165-8701-c6db5c7754fe,0,"Aug 30, 2022",1,f_294,What ads are u publishing,What ads are u publishing,Surprise,
Huawei Health,HEALTH_AND_FITNESS,1a8ef4ff-c1b6-40f7-b069-045f786a5ed2,3,"Jan 17, 2022",1,f_9,"Update 2022: Huawei hasn't released any fix still. Please, allow us to edit/confirm sleep times. My watch/app is registering erroneous sleep periods that invalidates the whole experience. I really try to use the sleep score to improve my sleep habits but when the watch doesn't even register that I fall asleep or give me a complete wrong bed time, I don't see the point if using Huawei sleep tracking.","I really try to use the sleep score to improve my sleep habits but when the watch doesn't even register that I fall asleep or give me a complete wrong bed time, I don't see the point if using Huawei sleep tracking.",Disgust,
WhatsApp Messenger,COMMUNICATION,1b827048-c972-4bd1-aaee-56a5d49927a9,2,"Sep 15, 2022",2,f_130,"Latest update has lots of bugs! 1st: Font size doesn't change when set 2nd: When I open a group chat that has 50+ msgs, it sends me to the bottom instead of the first unread msgs! 3rd : The bug when I send gallery edited videos to WA on Samsung, no sound! 4th : the WA logo when I open WA is so small! 5th: When I clear a chat, it should be smaller, but in settings it's still the same size! It should be way smaller since I cleared all! 6th: I changed friend's contact name but didn't change ON WA","When I open a group chat that has 50+ msgs, it sends me to the bottom instead of the first unread msgs!",Surprise,
Yuka - Food & cosmetic scan,HEALTH_AND_FITNESS,1b8caa22-ea2c-4d20-aba7-95b9ab400991,0,"Sep 13, 2022",5,f_492,A very cool tool for your health and wellness.,A very cool tool for your health and wellness.,Joy,
Telegram,COMMUNICATION,1b9dbb6d-d0e4-4ac1-854f-42d1c1cd3f37,0,"Aug 23, 2022",4,f_241,"This app was to good for personal messaging , I like his all feature only 1 feature I didn't like that was he consuming too many data for video call","This app was to good for personal messaging , I like his all feature only 1 feature I didn't like that was he consuming too many data for video call",Sadness,Joy
Doit.im for Android,PRODUCTIVITY,1ba5f609-271f-45ae-8954-14f77654b61e,0,"Mar 08, 2018",5,f_140,Has everything I need to keep up with a GTD style workflow! Even has an easy system to walk me through daily and weekly reviews! Thank you Devs!!,Has everything I need to keep up with a GTD style workflow!,Trust,
Pomodoro Timer,PRODUCTIVITY,1caad3aa-e342-411a-9334-f748f338d3d9,0,"May 16, 2022",5,f_68,"Minimalistic , easy to use and no ads","Minimalistic , easy to use and no ads",Joy,
Microsoft OneNote: Save Notes,PRODUCTIVITY,1cd4e9e6-ddbb-4f35-be86-37694db66452,1,"Sep 12, 2022",4,f_246,enjoy the app. My only complaint is that I sometimes have sync issues with shared notebooks.,My only complaint is that I sometimes have sync issues with shared notebooks.,Sadness,
Messages,COMMUNICATION,1d21513c-ce8f-4677-bccf-2f355f61a028,4,"Sep 15, 2022",2,f_67,"Developer responded with Device specific issue, but when you have an uninstallable app, often times big corps like Goog or F-book have paid Samsung to force it on the phone. There's no reason to have 2 message apps when I could easily get Goog messages if I wanted to. Takes quarter gig of space on my expensive device that I paid for. Also a very unorganized message app. Needs personal categories like family, friends, work. Everything is all together. Samsung messages is superior in this way.","Needs personal categories like family, friends, work.",Anticipation,
GTasks: Todo List & Task List,PRODUCTIVITY,1d7ca5d4-8a3b-4088-9e83-82181def2404,0,"Sep 06, 2020",5,f_29,Have been looking for the best logical cloud based lists for many years. This is so far the best. Hide completed without deletion would be perfect.,Have been looking for the best logical cloud based lists for many years.,Trust,
Material Notes: Colorful notes,PRODUCTIVITY,1d84de7f-74fc-4171-ad74-a085168bf67c,0,"Mar 06, 2017",5,f_23,Useful app which follows Material Design guidelines.,Useful app which follows Material Design guidelines.,Joy,
mysms SMS Text Messaging Sync,COMMUNICATION,1df751a6-fbaa-4097-98d8-9b45af88f2e1,0,"Nov 20, 2021",4,f_104,Fair App - Sync w/ desktop app is got better.,Fair App - Sync w/ desktop app is got better.,Joy,
Telegram,COMMUNICATION,1e343ed7-8e0b-452f-bf4a-70824d296f4e,0,"Sep 04, 2022",4,f_339,It was great but when the video is sent is timer it wont play and if i send any video in timer it plays in other mobile why is thi s prob i have updated the telegram app also to latest version,It was great but when the video is sent is timer it wont play and if i send any video in timer it plays in other mobile why is thi s prob i have updated the telegram app also to latest version,Surprise,Joy
Messenger,COMMUNICATION,1e41360c-dda9-4348-8c46-0293006a5b75,0,"Sep 15, 2022",3,f_286,"Hi, can someone please fix the bug where i've been chatting with my families and friends, and got community standard smth going on, i haven't done any strict or violation since then, but suddenly got 3 days banned where i can't send message. Please fix it i find it really annoying since i'm a student getting ready for the upcoming exam tommorrow, and i can't send or talk to my classmates since i can't send messages. Thanks!","Hi, can someone please fix the bug where i've been chatting with my families and friends, and got community standard smth going on, i haven't done any strict or violation since then, but suddenly got 3 days banned where i can't send message.",Surprise,
BlackNote Notepad Notes,PRODUCTIVITY,1e7da786-4f00-402a-9b03-b288e0a58fba,0,"Jan 07, 2022",5,f_67,I just loved it you can write notes keep them safe by putting a password and could also categories it it's truly awesome.... best note pad app ever to write notes as well as to keep them safe with the help of password,I just loved it you can write notes keep them safe by putting a password and could also categories it it's truly awesome.... best note pad app ever to write notes as well as to keep them safe with the help of password,Trust,
Stopwatch Timer,TOOLS,1e8ac1dc-2dc0-415e-aa31-5444e419f128,0,"Apr 30, 2022",5,f_63,Simple to use stopwatch/timer,Simple to use stopwatch/timer,Joy,
WhatsApp Messenger,COMMUNICATION,1ee13ca2-06c9-4207-9f70-59dd7341e10b,1,"Sep 15, 2022",4,f_482,It would be better if whatsapp account can be opened by 2 or more gadgets such as Telegram does. The improve security and encryption to protect personal account too.,The improve security and encryption to protect personal account too.,Anticipation,
Google Assistant Go,TOOLS,1ee1fb58-c982-41ad-b9cc-26f1a8df7698,0,"May 26, 2022",5,f_478,JUST REALIZED THAT ASSISTANT IS ACCOUNTING SOFTWARE,JUST REALIZED THAT ASSISTANT IS ACCOUNTING SOFTWARE,Neutral,
Material Notes: Colorful notes,PRODUCTIVITY,1f3d09ad-6c6c-4258-b348-3a4a0c4c6726,0,"Dec 03, 2021",5,f_246,Its a great notebook to download and easy to use it saves auntomatically so you dont need to worry about losing any typed written work done on the notebook applyiet,Its a great notebook to download and easy to use it saves auntomatically so you dont need to worry about losing any typed written work done on the notebook applyiet,Joy,
Pomodoro Timer,PRODUCTIVITY,1f8d67ea-b079-4b40-b8ce-730f4c76912e,1,"Jan 17, 2022",5,f_82,"minimalistic, easy to use and user friendly. completely offline and no ads! huge thanks to devs for making this amazing app, you help me a lot â¤ï¸",completely offline and no ads!,Joy,
Work Shift Calendar,PRODUCTIVITY,1fa1da86-65b9-4c7b-bddf-6bffd3df1191,1,"Jul 25, 2022",3,f_23,"Functionality works well. Would like better customization for widgets - set transparency, fonts, material design to match rest of phone, etc. Will consider buying Pro version if I see improvements.","Would like better customization for widgets - set transparency, fonts, material design to match rest of phone, etc.",Anticipation,
Work Shift Calendar,PRODUCTIVITY,1fa1da86-65b9-4c7b-bddf-6bffd3df1191,1,"Jul 25, 2022",3,f_233,"Functionality works well. Would like better customization for widgets - set transparency, fonts, material design to match rest of phone, etc. Will consider buying Pro version if I see improvements.","Would like better customization for widgets - set transparency, fonts, material design to match rest of phone, etc.",Anticipation,
OnePlus Health,TOOLS,1fdb8f66-7f95-4d84-a62e-8bca3a0a7a27,1,"Apr 10, 2022",2,f_9,"After a month of use, I dispointed, not recommend product to others. App has inaccurate gps tracking; no working Stress monitor; very poor sync between app and watch, no realtime availab sync of data, except sleep tracking & step count is working properly. Other features e.g. stress mornitor, spo2, run traking, Gps are bogus. DONT BUY THIS(watch), WASTE OF MONEY & TIME. --> 2 star for the watch decent look else it has nothing.Phone tracker work better than this.","App has inaccurate gps tracking; no working Stress monitor; very poor sync between app and watch, no realtime availab sync of data, except sleep tracking & step count is working properly.",Sadness,
Google Earth,TRAVEL_AND_LOCAL,1ff4e2e4-fff7-4373-85c4-ade4f54adc8e,1,"Jun 24, 2022",1,f_398,"High resolution imagery won't load. Major rendering issues. These problems persist after removing the app, and reinstalling the app at default settings on Oneplus 8T at default settings with all updates installed.",Major rendering issues.,Sadness,
Pomodoro Timer,PRODUCTIVITY,203a5914-6dc2-4219-a699-bf717c055b1a,1,"Apr 11, 2022",5,f_64,Does exactly what you want. Timer with short and long breaks.,Timer with short and long breaks.,Neutral,
Instagram,SOCIAL,208445e4-5ae8-4840-b2c8-0b28575ab37f,1,"Sep 15, 2022",1,f_55,"Why this app still can't hide inbox chats? Please develop hide chats fouction, it shouldn't be that hard to take that long to do it.","Please develop hide chats fouction, it shouldn't be that hard to take that long to do it.",Anticipation,Sadness
ColorNote Notepad Notes,PRODUCTIVITY,2093c9ab-3f5f-465e-b7ea-767ea8a2a646,0,"Sep 01, 2022",5,f_301,Yes this is an awesome app which helps me of to to do lists or whatever I need to remember:)ğŸ˜Š,Yes this is an awesome app which helps me of to to do lists or whatever I need to remember:)ğŸ˜Š,Trust,
Snapchat,COMMUNICATION,2106644f-b3cb-42c2-a5d2-0737b6e62dcb,2,"Sep 14, 2022",3,f_286,"I have had snapchat for 4 years and I'm 18, snapchat is just not it. I mean I love snapchat but the energy its giving back is not it. My account had been reported for breaking one of the rules, which I did not do any and I have read the community guidelines. But here it is trying to delete my account that has all my memories.","My account had been reported for breaking one of the rules, which I did not do any and I have read the community guidelines.",Surprise,
Todoist: to-do list & planner,PRODUCTIVITY,21155ecc-c24d-4617-acc1-0011c4b572c5,0,"May 18, 2022",2,f_106,Your reminder system could use some improvements please. If we could just click the clock and a watch would pop up where we just input the time or you suggest intervals of 30 min or 1 hour. At the moment we have to type out the time and it's not efficient. I use the app for my sales team 8 hours a day. Please do something about this.,Your reminder system could use some improvements please.,Anticipation,
Transit: Bus & Subway Times,MAPS_AND_NAVIGATION,21639d22-8787-473c-984d-0c43582c29b9,0,"Sep 10, 2022",3,f_506,"This app is really useful for finding out where my bus is, and whether its running early or late. It gives me peace of mind when taking transit so I know how early I must arrive at the bus stop. Having said that, I'm only rating this 3 stars because of the repeated app crashes (9) I've experienced in a 9 day period. These crashes occur when I try to switch addresses to check bus times. Sometimes it works ok, but sometimes it crashes and I have to reboot the app. Until then, this app gets a 3*.","This app is really useful for finding out where my bus is, and whether its running early or late.",Trust,
Kik â€” Messaging & Chat App,COMMUNICATION,218284ab-44ec-48f4-b530-a9d7ecaa017b,0,"Sep 12, 2022",1,f_128,I love the video chat!! I've been asking for it for some time and its great that its actually here...but the chats deleting after you sign out is still an issue in my book,I love the video chat!!,Joy,
Samsung Notes,PRODUCTIVITY,21a78556-613a-4969-82f1-8d58555a8960,0,"Sep 07, 2022",5,f_40,"I might not know much about other notetaking apps. But I think this is the best in some three popular notetaking apps I've used. It's free, it's palm rejection and stylus support is good. Organizing the notes is easy, annotating PDFs is brilliant. The best part is how seamlessly it syncs across my samsung devices. Thumbs up to samsung on this one. I know future updates will only improve my experience, I am looking forward to tabs view like we have on browsers.",I might not know much about other notetaking apps.,Neutral,
Material Notes: Colorful notes,PRODUCTIVITY,226b4426-2032-4076-a5ce-b2638ae629d6,0,"Feb 17, 2017",4,f_257,Perhaps sync across devices?,Perhaps sync across devices?,Anticipation,
Play Services Info (Update),TOOLS,229dc513-dd16-4cf5-ac2b-c1f1ca964f5c,0,"Dec 18, 2020",5,f_85,Would Love To Share Videos On U-Tube n Favorite Social App,Would Love To Share Videos,Anticipation,
Todoist: to-do list & planner,PRODUCTIVITY,22b95375-86d8-466f-b025-60d05f0043ba,4,"May 07, 2022",4,f_110,"A wonderful app, for me it lacks only one, but importthing: a recurring task counter. I remember writing an email to you like 4-6 years ago about it, still not that much progress in this regard:) Sometimes i want to complete a task after 50 repetitions, not up to a certain date. Can't do it on Todoist though. Also would love to know how many times I've completed a certain recurring task, can't do this either:( i am considering switching but all the other stuff is so good I am still in doubt.","Also would love to know how many times I've completed a certain recurring task, can't do this either:( i am considering switching but all the other stuff is so good I am still in doubt.",Anticipation,Disgust
WhatsApp Messenger,COMMUNICATION,22dc9690-b4b6-4340-b9ac-4d19eef51059,0,"Sep 15, 2022",5,f_118,Very nice and interesting messaging app,Very nice and interesting messaging app,Joy,
Telegram X,SOCIAL,233d0963-4055-447b-8115-ffe1dd52c9f1,0,"Aug 29, 2022",5,f_128,Video chat should also be included,Video chat should also be included,Anticipation,
Weather Radar Widget,WEATHER,235c6836-aba7-4239-af05-0883687c1f74,0,"Jul 18, 2020",5,f_472,"Weather Radar Widget is a very good app. You can also zoom in to your back yard. I only wish it can give weather conditions further out into the gulf areas. It doesn't seem to be able to view much of inner gulf waters just alongside the coast. Thanks, you're better than any other app available. I'm keeping you.",Weather Radar Widget is a very good app.,Joy,
Huawei Health,HEALTH_AND_FITNESS,237b7a6e-bab9-4d1e-a880-128a1ed88c0d,1,"Aug 17, 2022",4,f_403,Best app I've been using with my huawei band 6 but one problem I need a huawei phone If I need camera remote and outdoor cycling which I do alot I hope it can become possible for android phones,If I need camera remote and outdoor cycling which I do alot I hope it can become possible for android phones,Anticipation,
Samsung Notes,PRODUCTIVITY,239e764d-383d-4fa6-84b2-5176b6d74f65,0,"Jul 11, 2022",5,f_246,"It's the perfect notebook, I enjoy all the options and how easy it is to use","It's the perfect notebook, I enjoy all the options and how easy it is to use",Trust,
Phone by Google,TOOLS,23a4b4d7-c61b-49d0-abfa-c415787fe3f8,2,"Sep 11, 2022",1,f_479,Call Recording feature does not work After call is recorded cant reply or share the recorded call Auto redial feature unavailable Failing at many imp details The recorded calls are no where stored in local storage and dosent provide location of the storage too,The recorded calls are no where stored in local storage and dosent provide location of the storage too,Surprise,
Loop Habit Tracker,PRODUCTIVITY,23bf21e6-23e5-4378-b9eb-6b350ef269ca,1,"Jan 12, 2022",4,f_301,"Great app, one of my fav trackers that I plan to use long term; the layout is simple but pleasing to look at, as well as the visuals for the data being collected. A nice feature would be a To Do List...",A nice feature would be a To Do List...,Anticipation,
Codo: Shared Todo-Lists & Remi,PRODUCTIVITY,241fdeb2-d4de-4505-a9b4-f8a2828cc46c,0,"Jun 09, 2021",5,f_301,"Great tool to have a synchronized, live, updated to do list that i can share with my wife. Super helpful tool.","Great tool to have a synchronized, live, updated to do list that i can share with my wife.",Trust,
Google Keep - Notes and Lists,PRODUCTIVITY,243e9b20-0b9a-4c11-9f22-80e0cf67ba8e,5,"Sep 01, 2022",1,f_319,I am so disappointed google. I lost all my recent notes that has not been sync since august 2. It just disappear without me knowing why. I open the google keep notes finding out nothing. Please retrieve my notes because i have many important notes in their. I hope you take action to it right away.ğŸ˜­ğŸ˜­ğŸ˜­ğŸ˜­ğŸ˜­ğŸ˜­ğŸ˜­ğŸ˜­ğŸ˜­ğŸ˜­ğŸ˜­ğŸ˜­ğŸ˜­ğŸ˜­ğŸ˜­ğŸ˜­ğŸ˜­ğŸ˜­ğŸ˜­ğŸ˜­ğŸ˜­ğŸ˜­ğŸ˜­,I hope you take action to it right away.ğŸ˜­ğŸ˜­ğŸ˜­ğŸ˜­ğŸ˜­ğŸ˜­ğŸ˜­ğŸ˜­ğŸ˜­ğŸ˜­ğŸ˜­ğŸ˜­ğŸ˜­ğŸ˜­ğŸ˜­ğŸ˜­ğŸ˜­ğŸ˜­ğŸ˜­ğŸ˜­ğŸ˜­ğŸ˜­ğŸ˜­,Disgust,
Stopwatch Timer,TOOLS,245d099f-6ba3-4f5f-9d0f-ea0d3ba4aca2,0,"Jun 29, 2022",5,f_63,The first stopwatch app I downloaded.. and my favorite so far.ğŸ˜Š,The first stopwatch app I downloaded.. and my favorite so far.ğŸ˜Š,Trust,
Telegram,COMMUNICATION,247e1850-a82b-4c80-9afe-1747842eaa17,0,"Sep 13, 2022",5,f_174,Nice app but add an option of Private Chat which can be seen by adding only password and Patterns,Nice app but add an option of Private Chat which can be seen by adding only password and Patterns,Anticipation,Joy
Any.do - To do list & Calendar,PRODUCTIVITY,248363b8-cf6f-4e6b-8b33-5dc00b7813d8,2,"Sep 05, 2022",4,f_104,Worked great for me in the past but now I am no longer able to share tasks. I had not shared tasks in a while so I do not know when this broke. The Share option from the support page does not show up in the desktop app or the android app. I can still see the sharing that I had previously setup for other lists but I can no longer share with new people.,The Share option from the support page does not show up in the desktop app or the android app.,Surprise,
Joplin,PRODUCTIVITY,2488e5b6-5157-47b3-95fd-5c774ea8c965,1,"Jun 17, 2022",5,f_235,"Well designed alternative to Evernote with extra focus on personal privacy and security. I run it on my Dropbox cloud storage with Android, Mac and Linux clients, and I have had no issues. It just works ğŸ‘","I run it on my Dropbox cloud storage with Android, Mac and Linux clients, and I have had no issues.",Trust,
Smarter Time - Time Management,PRODUCTIVITY,24c43609-b667-49b7-b0a4-fe3fe865c5cd,1,"Mar 18, 2021",4,f_89,"Probably the best time recorder there is, but still has room for improvement. My recommendations for additional features: *More icons or allow your own *Color wheel selector for categories *Alphabetical order with favorites at the top *Add notes or pictures to event *Undo button *IFTTT integrations",My recommendations for additional features: *More icons or allow your own *Color wheel selector for categories *Alphabetical order with favorites at the top *Add notes or pictures to event *Undo button *IFTTT integrations,Anticipation,
Lifesum: Healthy Eating & Diet,HEALTH_AND_FITNESS,24d2b6c6-379a-496c-81a9-a9a36f5ff75a,1,"Sep 04, 2022",3,f_143,Wish more restaurants were in the app to track calories. I also found quite a few items that weren't scanning with correct calories and macros.,I also found quite a few items that weren't scanning with correct calories and macros.,Surprise,
Hammer: Truck GPS & Maps,MAPS_AND_NAVIGATION,24d54a10-5f03-4afd-8a65-adeccab40a3b,2,"Aug 19, 2022",5,f_240,"All around great app. Honestly no idea how it's completely free, but it is. Shows truck stops, scales, and the routing has been spot on every time. Every trucker should have it. No need to pay truck stops $500+ for a gps system","Shows truck stops, scales, and the routing has been spot on every time.",Joy,
Notepad - simple notes,PRODUCTIVITY,24dfdc9d-503a-423c-9243-c334edea7506,0,"Aug 03, 2022",5,f_384,"Simple to use, fast, small memory usage, no ads, saves automatically when you close the app.","Simple to use, fast, small memory usage, no ads, saves automatically when you close the app.",Joy,
Turtl,PRODUCTIVITY,250a8dc9-7fc3-4a99-9806-784bfb45e59f,0,"Oct 21, 2019",5,f_262,"Great and secure, tagging makes things so much easier","Great and secure, tagging makes things so much easier",Joy,
Notepad â€“ Notes and Checklists,TOOLS,2517ba2a-f0ad-4c0d-86a0-df206d15677b,0,"Aug 21, 2022",5,f_432,"Better than my Diary, previously had 6 journals.","Better than my Diary, previously had 6 journals.",Joy,Trust
Gmail,COMMUNICATION,2536db3d-1b40-4a9f-ace1-ac78668411cb,2,"Sep 15, 2022",1,f_197,"As a security feature, images are not loaded, but if you click reply, then images are auto loaded, thus defeating the implemented security feature. And what does Google tell me about this security hole? goo.gl/kWctv9 which is a generic canned response to something completely unrelated.",goo.gl/kWctv9 which is a generic canned response to something completely unrelated.,Surprise,
Todoist: to-do list & planner,PRODUCTIVITY,25599cb9-0f37-42bb-b4d9-42cb630465d5,1,"Jan 07, 2022",5,f_72,"Unquestionably the best todo app I've used, and I've tried all of them. The syncing with calendars, Alexa and multi device support takes the cake for me.","The syncing with calendars, Alexa and multi device support takes the cake for me.",Joy,
Daylio Journal - Mood Tracker,LIFESTYLE,25687cef-ece5-4fca-ae39-66856a3c983d,1,"Aug 25, 2022",5,f_435,"How have I not reviewed the most frequently used app on my phone yet? This is the BEST mood tracking app for those who just want to track it, not be pushed in any direction except consistency. I'm at 1556 entries, I haven't done anything in my life that many times in a row, that's insane! Do yourself a favor and try it, if you like it, the deluxe is SO worth it.","This is the BEST mood tracking app for those who just want to track it, not be pushed in any direction except consistency.",Trust,
Telegram X,SOCIAL,258b461b-f75e-4f11-b17f-abec69a0bcbf,0,"Jul 02, 2022",5,f_424,Please add the comments section and it will become the best telegram app.ğŸ‘‹,Please add the comments section and it will become the best telegram app.ğŸ‘‹,Anticipation,Joy
Lifesum: Healthy Eating & Diet,HEALTH_AND_FITNESS,2636b02f-bfb2-47e3-b9b1-1a4fc28747a0,1,"Sep 02, 2022",5,f_360,So far I like it. I've used quite a few calorie counting apps. So far I'm liking this one. I just started though. Time will tell l.,I've used quite a few calorie counting apps.,Neutral,
Weather: Live radar & widgets,WEATHER,26371234-eeee-45cb-b279-9033222997cf,0,"Aug 13, 2022",3,f_472,Radar doesn't work unless you pay for it,Radar doesn't work unless you pay for it,Sadness,
Clock,TOOLS,265c6b6d-8e51-4301-8a12-4aafef4862ba,0,"Jul 10, 2022",1,f_133,"This app opens when I make or receive a phone call, it's really annoying, that is why I'm giving it a 1 star rating, I would give it a 1/2 star, if I could.","This app opens when I make or receive a phone call, it's really annoying, that is why I'm giving it a 1 star rating, I would give it a 1/2 star, if I could.",Disgust,Surprise
Huawei Health,HEALTH_AND_FITNESS,272860e4-92c5-4a43-be13-c2c7b6930acf,1,"Aug 17, 2022",4,f_52,currently using the beta app. i hate that it disconnects if the app is not running in the background and sometimes it misses to push notifications. i hope this could be fixed.,i hate that it disconnects if the app is not running in the background and sometimes it misses to push notifications.,Anger,
Truecaller: Caller ID & Block,COMMUNICATION,272db900-6c87-4a0c-ad48-957bb2e703ed,1,"Sep 11, 2022",1,f_129,I setup Truecaller as default dialer... In Truecaller there is no video calling option...,In Truecaller there is no video calling option...,Surprise,
"Strava: Run, Ride, Hike",HEALTH_AND_FITNESS,273f30c8-e5d4-42e2-be84-14fc9466a145,3,"Jul 20, 2022",1,f_52,Horrific. Keeps stopping the tracking during exercise/run with a push notification of the above only when I open the phone...stati g then that it can recover again if I restart the activity. Will be deleting the app. Anu recommendations for a good running app???,Anu recommendations for a good running app???,Neutral,
True Phone Dialer & Contacts,COMMUNICATION,27409983-3fbd-445e-b962-4a50e16e6db9,0,"Mar 15, 2022",5,f_215,Nice and add call recording,Nice and add call recording,Joy,Anticipation
Telegram X,SOCIAL,27fa9b5b-d658-4ab2-a47e-7a34c6b7e59d,0,"Jul 12, 2022",5,f_128,Video chat please..ğŸ™,Video chat please..ğŸ™,Anticipation,
Material Notes: Colorful notes,PRODUCTIVITY,28466342-3d80-467d-b35f-9fa950434ee5,5,"Oct 14, 2018",5,f_262,"Very nice! I love the simplicity and great UI. The choice of colors especially is very tasty. A few wishes: I would love a dark mode that triggers at sunset. The white UI is painful to look at in the dark. Fingerprint unlock would be nice to have, as well as a simple tagging system. Thanks!","Fingerprint unlock would be nice to have, as well as a simple tagging system.",Anticipation,
GPS Map Camera,TRAVEL_AND_LOCAL,2876b697-303e-4631-b3d7-afef4ec9996b,0,"Jun 05, 2022",5,f_262,Good to capture photo with sudden and accurate geo tagging,Good to capture photo with sudden and accurate geo tagging,Joy,
zenly - your world,SOCIAL,289b0b84-2915-47b9-a6e6-acf1d849ea86,0,"Sep 05, 2022",1,f_164,Accuracy is really bad show pin location all over the place fly everywhere yet zenly can use fake gps not,Accuracy is really bad show pin location all over the place fly everywhere yet zenly can use fake gps not,Sadness,
