app_name,categoryId,reviewId,sentenceId,at,score,feature,review,sentence,QM-emotion-A,QM-emotion-B,QM-comments,MO-emotion-A,MO-emotion-B,MO-comments,XF-emotion-A,XF-emotion-B,XF-comments,emotion-A-agreement,emotion-B-agreement
Magic Earth Navigation & Maps,MAPS_AND_NAVIGATION,00022f01-2871-4c51-b039-ad54a5816aae,0,"Sep 06, 2022",4,f_410,"Routing is excellent, best I've tried so far! The AIDashcam would be more useful if it can define focus at infinity instead of auto focus. I also like to record my trips history like Google timeline but with greater accuracy and no big tech tracking. it would be something I really looking forward to have in ME instead of having to use another apps to record tracks separately. Even better if we can playback the dash cam footage with GPS track history overlay simultaneously.","Routing is excellent, best I've tried so far!",Joy,Trust,,Trust,,,Trust,,,Trust,
"Voice navigation, Weather App",MAPS_AND_NAVIGATION,00aad554-5b2d-4d1e-87a9-f7368130eafe,0,"Sep 09, 2022",5,f_409,Voice GPS maps gives you step by step driving directions. You can be guided thoroughly and get focused on driving. A âœŒ,Voice GPS maps gives you step by step driving directions.,Neutral,,,Neutral,,,Neutral,Joy,"If you do not read the review, it is neutral. Still, you can make the step of inferring that this kind of neutral sentence is positive, but this is a bit of interpretation",Neutral,
Simple ToDo â€” Task List & Plan,PRODUCTIVITY,00e6dd87-77e5-4b76-8f76-87aa1e2cdaed,1,"Dec 09, 2019",3,f_402,OK just like most apps. Would be better if it has text to speech. Alarm does not work. No AM or PM.,Would be better if it has text to speech.,Sadness,Anticipation,,Anticipation,Sadness,,Anticipation,,,Anticipation,Sadness
Google Lens,TOOLS,010d2015-df04-4608-bf18-63a0fe2055a0,0,"Aug 10, 2022",5,f_15,Handy translator,Handy translator,Joy,,,Joy,,,Joy,,,Joy,
Instagram,SOCIAL,012e923d-d9e9-46d3-9999-379d943c3adc,0,"Sep 14, 2022",5,f_218,Good customer feedback,Good customer feedback,Joy,,,Joy,,,Joy,,,Joy,
Material Notes: Colorful notes,PRODUCTIVITY,018397b4-fc15-4ba2-a93e-4119461758a5,0,"Dec 10, 2017",3,f_30,"Beautiful app, but without cloud sync","Beautiful app, but without cloud sync",Joy,Sadness,,Joy,Sadness,,Joy,Anticipation,,Joy,Sadness
Amber Weather,WEATHER,01cc8793-6db8-435f-bf0d-c6dcec230fd9,0,"Apr 23, 2021",3,f_35,"Up until recently, this app was amazing but now it struggles to find my location by both network and gps resulting in inaccurate weather. I hope this gets fixed soon","Up until recently, this app was amazing but now it struggles to find my location by both network and gps resulting in inaccurate weather.",Sadness,,,Disgust,,(claiming app is not suit for purpose),Sadness,,,Sadness,
Weather Radar Widget,WEATHER,01d4bdc4-59d2-4c16-a0b0-be80428a9a94,0,"Aug 30, 2021",5,f_472,"Excellent, the best Weather Radar Widget.","Excellent, the best Weather Radar Widget.",Joy,Trust,,Joy,,,Joy,Trust,"Even if the user does not put herself in the sentence, it can be argued that ""best"" is always personal and then it is trust",Joy,Trust
WhatsApp Wallpaper,PERSONALIZATION,0250aa68-248d-48a0-9818-9cd4f3a8b700,0,"Aug 24, 2020",1,f_482,Very annoying encryption information takes up a lot of screen. Have asked WA to remove it but they won't.,Very annoying encryption information takes up a lot of screen.,Sadness,,,Anger,,"""very annoying.."" ",Disgust,Anger,"The ""very"" makes me put Anger as second option",Anger,
Telegram,COMMUNICATION,0285cde0-a37a-4990-81ac-95741002186f,0,"Aug 22, 2022",3,f_220,The app helps you to meet new people but a lot of pornographical content,The app helps you to meet new people but a lot of pornographical content,Joy,Disgust,,Joy,Fear,,Sadness,Joy,The sentence mixes positive and negative ,Joy,
Facebook Lite,SOCIAL,02c0d8be-2fce-4553-9dc3-b217bc138500,0,"Sep 14, 2022",1,f_424,I hate that the most relevant comments are prioritized in comment section. Y'all gotta learn that we wanna see all the comments first. Let us decide if we wanna see the relevant comments 'coz sometimes they aren't really relevant.,I hate that the most relevant comments are prioritized in comment section.,Anger,,,Anger,,,Anger,,,Anger,
"Notebook - Notes,To-do,Journal",PRODUCTIVITY,03526036-f33b-46a6-a27f-9ab45db57d09,1,"Jun 23, 2022",5,f_40,"The features of the app are fantastic. In fact, they're the best I've seen in any notetaking app. Migrate from Evernote, sync across devices, browser-based access, and backup/export (Zoho and html formats) are all available. Tons of options and smooth functionality.","In fact, they're the best I've seen in any notetaking app.",Trust,,,Trust,,,Trust,,,Trust,
Repeat Habit - Habit tracker f,PRODUCTIVITY,037b7b4b-0ae3-46b2-a2a4-15a0939c02ba,0,"May 06, 2021",5,f_7,Amazing habit tracker. I've tried sooooo many but nothing satisfied me. This one on the other hand.... Absolutely blew my mind. Definitely recommend it to anyone.,Amazing habit tracker.,Joy,,,Joy,,,Joy,,,Joy,
ColorNote Notepad Notes,PRODUCTIVITY,03be8f94-5fd6-4ba0-bd75-1473d22d7de6,1,"Jun 29, 2022",2,f_271,"Updates needed ğŸ™ Please see task notes app (made by compilers hub - yellow coloured icon with image of mobile & pen), that app has formatting options like bold, underline, italic, double strike, font size selection like MS-OFFICE ğŸ™","Updates needed ğŸ™ Please see task notes app (made by compilers hub - yellow coloured icon with image of mobile & pen), that app has formatting options like bold, underline, italic, double strike, font size selection like MS-OFFICE ğŸ™",Anticipation,,,Anticipation,,,Anticipation,,,Anticipation,
ColorNote Notepad Notes,PRODUCTIVITY,03dacc12-a951-42b7-a65c-e0091f322535,2,"Jul 15, 2022",1,f_258,"Could be much better! Overrated like most free apps. No voice recognition, no support for S-pen, Zero rich text formatting options, and swipe gestures are missing. Another huge irritant is having to double click to edit! Why all this hassle? Yet there's no save button in the editor so you have to press the device back (soft) button multiple times to save! Definitely not easy to use. Purely overrated garbage. How is this on top of search? Pure hype!","No voice recognition, no support for S-pen, Zero rich text formatting options, and swipe gestures are missing.",Sadness,Anticipation,,Sadness,,,Sadness,,,Sadness,
SMS Backup+,TOOLS,03e332d2-74ea-4736-bb72-5f0fafd269e8,0,"Nov 25, 2018",3,f_130,"It backed up most texts fine, but the group chats came out very wonky. I have a group chat with my 2 sisters and my mom, and it seems to have separated the group so that I have a thread of replies from one sister, a thread from the other sister, and a thread from my mom. Messages with pictures are a little odd as well- sometimes they're in place in the thread, but some are separated out in their own thread.","It backed up most texts fine, but the group chats came out very wonky.",Joy,Sadness,,Trust,Sadness,,Sadness,Joy,The sentence mixes positive and negative ,Sadness,Joy
Verizon Messages,COMMUNICATION,040d6461-b165-4e47-b974-106191817c42,0,"Sep 09, 2022",3,f_468,I think it could be better it's supposed to be private messaging it's not completely or that's what I was told the + meant private ğŸ¤· ğŸ’¯ ğŸ¤” ğŸ¤” ğŸ™ƒ not,I think it could be better it's supposed to be private messaging it's not completely or that's what I was told the + meant private ğŸ¤· ğŸ’¯ ğŸ¤” ğŸ¤” ğŸ™ƒ not,Sadness,,,Fear,,,Sadness,,,Sadness,
SMS text messaging app,COMMUNICATION,048f1aa9-9924-4510-9df7-4bf8291642e1,0,"Aug 18, 2022",4,f_120,Watchap text messaging,Watchap text messaging,Neutral,,,Neutral,,,Reject,,didn't understand,Neutral,
Repeat Habit - Habit tracker f,PRODUCTIVITY,04af7854-0948-4613-a035-b8fabd895aa7,0,"Jun 20, 2021",5,f_7,This is so far the Best Habit Tracker !! Recommendation: Bring in visual Infographics Custom Start Date,This is so far the Best Habit Tracker !!,Trust,,,Trust,,the user relies on the app over other alternatives in the market,Trust,,,Trust,
Height Increase Workout,HEALTH_AND_FITNESS,050a9865-8da1-4d1d-b214-b7ed8eec528b,1,"Mar 31, 2022",5,f_494,Awesome app no video ads and if there are they are short and quick. Perfect diet planner and sleep tracker.exercises are easy to do and effective.,Perfect diet planner and sleep tracker.,Joy,,,Joy,,,Joy,,,Joy,
Material Notes: Colorful notes,PRODUCTIVITY,051917fb-14fa-4161-b2d0-1d79bd79e493,3,"Nov 02, 2016",5,f_378,I love it! I'd like to see a web version too though so I can access my notes from any device. .... Google integration please?,.... Google integration please?,Anticipation,,,Anticipation,,,Anticipation,,,Anticipation,
Samsung Notes,PRODUCTIVITY,05220555-5f78-4c64-9d31-87c525d87a92,1,"Jul 09, 2022",1,f_479,"After using it more than 2 years, Recently I found a problem. My notes are getting stored in internal memory (local Storage). I can NOT move my notes to extended SD card. There is no option to upload all notes to cloud without having actual copy on my internal memory. My local storage is full because of notes. Now looking for alternative apps",My notes are getting stored in internal memory (local Storage).,Neutral,,,Neutral,,,Neutral,,"You need to read the review to understand that this is bad, or else provide your own interpretation",Neutral,
Telegram,COMMUNICATION,05b31876-6f40-4474-b29f-9ff838c61aab,0,"Aug 30, 2022",5,f_310,Very fast and highly encrypted application,Very fast and highly encrypted application,Joy,Trust,,Joy,Trust,,Joy,,,Joy,Trust
"Notebook - Notes,To-do,Journal",PRODUCTIVITY,0622351d-8b11-4718-b38f-26e6627871a9,3,"Jul 18, 2022",5,f_246,Just what I needed. I needed a Notes App that would sync between my Android phone and my Windows desktop. My only complaint is that I wish it had more options for the individual notebook cover art. I would like to be able to use my own photos or graphics for any given notebook. But this is a minor issue. The App does what I need it to do!,I would like to be able to use my own photos or graphics for any given notebook.,Anticipation,,,Anticipation,,,Anticipation,,,Anticipation,
MAPS.ME: Offline maps GPS Nav,TRAVEL_AND_LOCAL,064ecf75-c723-48d0-8b06-b85f0f4c7802,5,"Jul 01, 2022",1,f_218,"It appears the only way the developers have to update this app is to uninstall it, delete all my downloaded maps and install the new version! So, now I've had to redo my settings and download my maps again - thanks for that! Also, there's a new button on the screen(online) which gives me no idea as to what it's used for. A hint would have been nice. No change from the last time a new version was rolled out. The developers are incapable of learning from their mistakes and customer feedback.",The developers are incapable of learning from their mistakes and customer feedback.,Sadness,Anger,,Disgust,,,Anger,,,Anger,
Forest: Focus for Productivity,PRODUCTIVITY,06e3c034-0e3e-47e1-9133-e032ddb13d2b,0,"Sep 10, 2022",5,f_261,This app has been very useful to me.... due to the timer thing I could just focus more on studying rather than procrastinate,This app has been very useful to me.... due to the timer thing I could just focus more on studying rather than procrastinate,Trust,,,Trust,,,Trust,,,Trust,
Cozi Family Organizer,PRODUCTIVITY,070cb3f4-688b-4ce5-8db7-73f54251362c,1,"Jul 12, 2022",5,f_101,"No complaints. It works great for a shared family calendar, grocery lists, and to-do lists. I can put assignments on my husband's to-do list.","It works great for a shared family calendar, grocery lists, and to-do lists.",Joy,,,Joy,,,Joy,,,Joy,
adidas Running: Sports Tracker,HEALTH_AND_FITNESS,0759e2bc-0f59-411a-a61c-13eb12fa62d6,1,"Aug 07, 2022",5,f_15,Love this app. Can I suggest a translator in the news feed with our friends we follow please,Can I suggest a translator in the news feed with our friends we follow please,Anticipation,,,Anticipation,,,Anticipation,,,Anticipation,
Stopwatch Timer,TOOLS,077c2f79-b02f-4ffb-8d19-a07eefc72cff,0,"Jun 13, 2022",4,f_63,Pretty useful as regular timer and stopwatch,Pretty useful as regular timer and stopwatch,Joy,,,Joy,,,Joy,,,Joy,
Buttocks Workout - Fitness App,HEALTH_AND_FITNESS,077c6eb0-cff4-4704-9dbb-c437ef753c0a,0,"Jul 01, 2022",5,f_344,Educational,Educational,Neutral,,,Joy,,,Joy,Neutral,It could in fact be just a description about the domain,Joy,Neutral
Todoist: to-do list & planner,PRODUCTIVITY,079f6740-fe65-4356-ab56-e8ec5049c4d0,1,"Jan 04, 2022",4,f_104,"Todoist is the cornerstone of my organizational system. I am an undergraduate student and use this app to manage my reading assignments, exam schedule, administrative deadlines etc. sync with windows 10 desktop app is awesome. I am a free user and would gladly pay a one time price for full features here but a monthly subscription is a turn off.","I am an undergraduate student and use this app to manage my reading assignments, exam schedule, administrative deadlines etc.",Trust,,,Trust,,,Trust,,,Trust,
Stuff - To Do List Widget,PRODUCTIVITY,07b4aa0d-d459-46de-bcc8-1861d0e77128,1,"Mar 06, 2022",5,f_210,"Perfect. Customizable. So easy to add items to lists and remove them when completed. Create any category you want. Make text any size or color. I dedicated another screen on my phone for this widget. Appointments, to do, groceries,etc. Much better and faster than using pen and paper. On my black background and the transparency options combined, the text stands right out. So many options. I would have paid a little more. Many thanks to the developer. Highly recommend!",Customizable.,Neutral,,,Joy,,,Joy,,,Joy,
Stuff - To Do List Widget,PRODUCTIVITY,07b4aa0d-d459-46de-bcc8-1861d0e77128,1,"Mar 06, 2022",5,f_233,"Perfect. Customizable. So easy to add items to lists and remove them when completed. Create any category you want. Make text any size or color. I dedicated another screen on my phone for this widget. Appointments, to do, groceries,etc. Much better and faster than using pen and paper. On my black background and the transparency options combined, the text stands right out. So many options. I would have paid a little more. Many thanks to the developer. Highly recommend!","On my black background and the transparency options combined, the text stands right out.",Neutral,,,Neutral,,,Trust,,,Neutral,
Just Run: Zero to 5K (and 10K),HEALTH_AND_FITNESS,07f84b75-45fb-4ec4-a04e-7c8abe4e1412,4,"Jul 23, 2022",5,f_506,"I really enjoy this app. It's simple to use , doesn't take up too much resources, doesn't require any crazy permissions. It does a good job announcing when you've completed half of your run and when to start cooling down. One thing that might make it slightly better, if there were a way to announce during your run how much time you have completed, like every 15 minutes or so. Overall a great running app!",Overall a great running app!,Joy,,,Joy,,,Joy,,,Joy,
Social Contact Photo Sync,SOCIAL,08079079-368a-4734-93e4-361f5024b351,0,"Mar 18, 2017",1,f_189,I cannot sync contacts with Facebook. I have official app and root. What a crap....,I cannot sync contacts with Facebook.,Sadness,,,Sadness,,,Sadness,,,Sadness,
CloudCal Calendar Agenda Plann,PRODUCTIVITY,0808202c-d3fa-451f-9e1b-f5a6cd24c316,0,"May 23, 2020",5,f_96,Love this Calendar! Sleek and visually simple but with plenty of features and app supports but not invasive. Setting notifications (standard or unique) is simple and cross device sync has never failed to remind me of an event wherever I've been.,Love this Calendar!,Joy,,,Trust,,,Trust,,,Trust,
Samsung Health,HEALTH_AND_FITNESS,08293fc9-5566-4c91-ade5-4c11e4ccf150,1,"Sep 12, 2022",1,f_360,"Advertises pulse, oxygen, etc. which were removed from app. Only good for steps and calorie counting now.",Only good for steps and calorie counting now.,Sadness,,,Sadness,,,Sadness,,,Sadness,
Work Shift Calendar,PRODUCTIVITY,08bdbca9-1826-4665-ada7-d34444ad014a,4,"Jul 12, 2022",5,f_109,"Update 2022: This app continued to be one of my preferred apps on play store. I love this app and I bought the paid version to help the developer. In my job I have non regular shifts patterns and the app helps me to make all them manually. When I have changes I use the notes and it is a very good way to record changes. I didn't use a lot the calendar sync to make a review. I hope they continue updating the app, however essentially I don't think it needs changes.",I didn't use a lot the calendar sync to make a review.,Neutral,,,Neutral,,,Reject,,The sentence reads confusing to me (even after reading the full comment!),Neutral,
Turtl,PRODUCTIVITY,090957c3-813b-446e-9d33-fdde6a4726f9,1,"Aug 24, 2019",5,f_310,Very cool so far. Basic and encrypted. Nice and simple layout. Syncs to Windows. Hoping to support it after some testing,Basic and encrypted.,Joy,Trust,,Trust,,,Neutral,Joy,"You could first argue that the two adjectives are neutral, but you expect that in a review they are positive, especially if together",Joy,Trust
Macros - Calorie Counter,HEALTH_AND_FITNESS,0925208b-7945-430d-ac99-c0acd599bc61,6,"Jun 28, 2022",4,f_439,Has searchable online food nutrient data and stores your copies and edits local. Contributed data is not always correct. Simple to use. Does this weird thing where if you add excercise it increases the daily value targets for some reason. Don't like that but otherwise mostly clean concise app. Would allow a person to export and reimport a spreadsheet of nutrient data to make mining the web easier. Barcode scanner doesn't work but I think it's my camera.,Barcode scanner doesn't work but I think it's my camera.,Sadness,Anticipation,,Sadness,,,Sadness,,This is kind of new feeling :) Nuanced sadness,Sadness,
Wemoji - WhatsApp Sticker Make,COMMUNICATION,093075c0-9224-4e8f-9292-16f633f212ba,0,"Feb 15, 2022",5,f_32,"The app is good,actually I love how i was able to make funny stickers and share them with my friendsğŸ˜.Although I got annoyed with some ads but all in all great app.","The app is good,actually I love how i was able to make funny stickers and share them with my friendsğŸ˜.",Joy,Trust,,Trust,,,Trust,,,Trust,
ColorNote Notepad Notes,PRODUCTIVITY,093e5cc6-8ec0-4825-9839-765734e0c4f5,1,"May 11, 2022",5,f_209,Great app. Well integrated sync between devices and simplistic UI.,Well integrated sync between devices and simplistic UI.,Joy,,,Joy,,,Joy,,,Joy,
True Phone Dialer & Contacts,COMMUNICATION,0963b508-97bd-4053-bd39-0ff960b659b1,1,"Jul 08, 2022",5,f_23,Custom features are simply amazing. Bringing Material design will uplift this app to an another level.,Bringing Material design will uplift this app to an another level.,Anticipation,,,Anticipation,,,Anticipation,,,Anticipation,
My Shift Planner - Calendar,PRODUCTIVITY,09a497f5-6260-4329-a89e-0a3d54da53d1,0,"Sep 15, 2022",5,f_494,I've had the free version of shift planner for years as I work Fifo and it helps me plan ahead knowing whether I'm at home or on break. Since purchasing the paid version I use the app more than ever before. I'd be lost without it now ğŸ˜Š,I've had the free version of shift planner for years as I work Fifo and it helps me plan ahead knowing whether I'm at home or on break.,Trust,,,Trust,,,Trust,,,Trust,
AccuWeather: Weather Radar,WEATHER,0a00723d-c25f-4882-8cc7-2123fd6923f5,0,"Sep 05, 2022",1,f_472,"// Update 9/4/22: The RADAR is still grossly inaccurate. // The RADAR forecast is not even close to accurate. People plan their days based on forecasts. In Florida we need to know when storms will arrive. Far more often than not this app shows storms but then nothing happens. People plan their days based on weather forecasts. And while it's impossible to be perfect, this app is far more wrong than correct.. I pay for this version and I expect better. It's garbage. Plain and simple. Trash.",// Update 9/4/22: The RADAR is still grossly inaccurate.,Disgust,Anger,,Fear,,,Disgust,,,Disgust,
Easy Message: text without sav,COMMUNICATION,0a2355a0-68e0-4503-80f7-62b03959c7a6,0,"Oct 06, 2021",5,f_46,Excelent applition for instant messaging on WhatsApp.,Excelent applition for instant messaging on WhatsApp.,Joy,,,Joy,,,Joy,,,Joy,
minimalist phone: Productivity,PRODUCTIVITY,0a7711f2-f2d0-4ba7-8791-16f3ac80f8e2,2,"Aug 29, 2022",1,f_126,"This is a paid service with recurring billing, it does not say so until you have completed downloading the app and the set up permissions. I would give a much better rating but this is just lame, you have to pay for a recurring plan, and you can pay more for unlimited use. But there is no way to use this app for free, and I wouldn't be surprised if a large amount of revenue comes from downloads immediately uninstalled because no one wants to subscribe to use a launcher... They're mostly free.","But there is no way to use this app for free, and I wouldn't be surprised if a large amount of revenue comes from downloads immediately uninstalled because no one wants to subscribe to use a launcher...",Disgust,,,Disgust,,,Disgust,,,Disgust,
Phone by Google,TOOLS,0a832706-3e1d-415a-9174-ca82b168754c,1,"Sep 15, 2022",1,f_215,Worst app by Google. Not able to provide basic features like caller id call recording,Not able to provide basic features like caller id call recording,Sadness,,,Sadness,,,Sadness,,,Sadness,
True Phone Dialer & Contacts,COMMUNICATION,0aaa4ad5-c21b-4fb4-89c1-939556635d21,1,"Jun 28, 2022",5,f_45,It's really very impressive.. It would be even more awesome if themes and custom background was added.. But all it all I love it,It would be even more awesome if themes and custom background was added..,Anticipation,,,Anticipation,,,Anticipation,Joy,Since the first part of the sentence is positive,Anticipation,
Google Keep - Notes and Lists,PRODUCTIVITY,0ab467a5-e143-4393-9519-1fbe1151b6c1,1,"Sep 06, 2022",1,f_140,"always buggy... almost every update is bad. how can such a simple app designed to make my workflow easier be such a problem. it doesnt sync random notes, some improtant information I wrote down simply got lost forever thanks to your app. I've lost more time troubleshooting this than all the other apps on my phone. jesus christ",how can such a simple app designed to make my workflow easier be such a problem.,Disgust,,,Sadness,Surprise,,Anger,,,,
True Phone Dialer & Contacts,COMMUNICATION,0b066f46-13b8-4130-8c69-4db6bb9c7967,0,"Jun 04, 2022",5,f_129,"Please add video calling option please thats it, in this app all function are good nice use","Please add video calling option please thats it, in this app all function are good nice use",Anticipation,Joy,,Anticipation,Trust,,Anticipation,Joy,"Same as above, the first part of the sentence is positive",Anticipation,Joy
ColorNote Notepad Notes,PRODUCTIVITY,0b300662-5ded-43f3-8bd1-7497e089d403,1,"Jul 07, 2022",5,f_482,"Simple and Fast. Encryption may be lacking..., Haven't had an issue yet!","Encryption may be lacking..., Haven't had an issue yet!",Fear,Joy,,Anticipation,Trust,,Sadness,,Another special feeling: conditional sadness :),,
Telegram,COMMUNICATION,0b5bb865-364f-4b08-ba38-bca9a7c73667,0,"Sep 06, 2022",4,f_54,Privacy settings to control who can add us to groups!,Privacy settings to control who can add us to groups!,Neutral,,,Trust,,"(I assume it is a feature it has, not that it requests)",Fear,,,,
WBTV First Alert Weather,WEATHER,0b644505-2e72-47d2-9115-9712064003cc,0,"May 18, 2022",2,f_60,"Too many notifications, ugh. I don't need a notification that says oh it will be nice tonight. I got the app for severe notifications. Don't see a setting for just that. Love wbtv but this wx app is overkill.","Too many notifications, ugh.",Sadness,Anger,Difficult... 'too many' is it angry? 'ugh' is it angry?,Sadness,,,Sadness,,,Sadness,
Google Assistant Go,TOOLS,0b8e0573-ec9f-4bc8-82a2-059469355ab1,2,"Jun 04, 2022",5,f_121,Orland Pollocp I bought ATX a ttszdttsttttts5tztttt5stztstttz 0p0ovvffffifuxuff UI iffiff ii's if I f fifffifffffffffifffififffifffrom the kids oooffooc kick off meeting ffk a lll lol IC lttzsttsz 55td555t5yd opportunities offered a job Ã§xcxxuxf a a a a a FC FC FC FC Ã§Ã§ccÃ§Ã§vvv Hu X a,I bought ATX a ttszdttsttttts5tztttt5stztstttz 0p0ovvffffifuxuff UI iffiff ii's if I f fifffifffffffffifffififffifffrom the kids oooffooc kick off meeting ffk a lll lol IC lttzsttsz 55td555t5yd opportunities offered a job Ã§xcxxuxf a a a a a FC FC FC FC Ã§Ã§ccÃ§Ã§vvv Hu X a,Reject,,,Reject,,,Reject,,,Reject,
Pomodoro Timer,PRODUCTIVITY,0b998d52-d383-4e20-96a3-5cba1f441501,1,"Jan 18, 2022",5,f_140,"Simple to use and such clean, relaxing design. I turn to this app when I'm having trouble focusing on a single task, just to bring a bit of extra structure to my workflow.","I turn to this app when I'm having trouble focusing on a single task, just to bring a bit of extra structure to my workflow.",Trust,,,Trust,,,Joy,Neutral,,Trust,
Huawei Health,HEALTH_AND_FITNESS,0b9f61b2-2b2c-41df-b938-121770d3cccd,2,"Sep 04, 2022",1,f_117,"Absolutely ridiculous app. I'm locked out of my watch now. First message was my watch is no longer supported. Then delete and reload. Try to login but need password reset so get reset code. Then I have to enter my old password to get my new one. How stupid is this? Thank goodness I have a Tic Watch. Update... If I request help from the app it takes THREE DAYS to process. This is a watch, not my bank account. Ridiculous!!!!",First message was my watch is no longer supported.,Sadness,,Although this is purely neutral... sadness is only implicit. And review is anger ,Sadness,,,Sadness,,,Sadness,
Loop Habit Tracker,PRODUCTIVITY,0c10e656-c938-4c52-a34b-e2d253cca485,0,"Apr 03, 2022",5,f_7,Simple and easy to use habit tracker,Simple and easy to use habit tracker,Joy,,,Joy,,,Joy,,,Joy,
WA.Status Saver - Downloader,SOCIAL,0c417e11-3b19-49a9-bded-9ed0d2e6664b,0,"Apr 02, 2022",5,f_128,I just love the aspect that it restores deleted messages. Saves video chat and very easy to use,I just love the aspect that it restores deleted messages.,Joy,,,Trust,,,Trust,,,Trust,
Garmin Smartphone Link,TRAVEL_AND_LOCAL,0c5be2eb-f26f-4c39-bc10-e44e11537392,3,"Jan 08, 2020",1,f_52,"App runs continuously. It won't shut off, comes on even when you aren't using the device or anywhere near it. Even if you force stop the app, it comes on again trying to connect to the device. Very annoying as it is also a push notification and shows on your status bar. Lots of apps run when not needed, but this one runs and shows you it's running. I've had to delete it.",Very annoying as it is also a push notification and shows on your status bar.,Disgust,,very annoying' is this rejecting?,Anger,,,Disgust,,"Because of the emphasis on the ""very""",Disgust,
Cozi Family Organizer,PRODUCTIVITY,0c6c1a25-af1c-47ac-9c2b-e719012dbd92,0,"May 06, 2022",5,f_101,We've been using Cozi as our shared family calendar and to-do list for over 10 years. We can't say enough good things about the app and it's developers.,We've been using Cozi as our shared family calendar and to-do list for over 10 years.,Trust,,,Trust,,,Trust,,,Trust,
Water Drink Reminder,HEALTH_AND_FITNESS,0c82b0eb-7464-4347-ac0d-c8f106fff314,0,"Apr 01, 2022",3,f_60,"Not bad but the ads get obnoxious, the notifications are spotty and it doesn't sync anything besides pulling wieght from fit.","Not bad but the ads get obnoxious, the notifications are spotty and it doesn't sync anything besides pulling wieght from fit.",Sadness,,,Sadness,,,Sadness,,"Not bad... could be positive, but then turns out into very negative",Sadness,
Garmin Smartphone Link,TRAVEL_AND_LOCAL,0ca81c4e-16e0-4576-ae7d-94fa1a9611c7,1,"Mar 14, 2020",1,f_133,Useless. Can't get it to connect without linking phone calls. My vehicle does that. I don't want it to answer phone calls. I want it to monitor traffic. It wants to do it all or nothing. I will delete it.,Can't get it to connect without linking phone calls.,Sadness,,,Surprise,,,Sadness,,,Sadness,
Lifesum: Healthy Eating & Diet,HEALTH_AND_FITNESS,0cfc1ebf-39dd-41e3-95cc-2e23b6e9ee31,1,"Aug 31, 2022",4,f_331,"The app UI is simple and friendly, this makes being consistent with the tracking easy. Not giving 5 stars cause there could be a few improvements: 1. Have a web version for logging kcal on the go when on the laptop and away from the phone. 2. Frequent foods are siloed in each meal. If I wanna log an item at dinner but I usually eat it at lunch I'll have to look it up again. 3. Search could show frequent foods or foods already used first to partially address point 2",Not giving 5 stars cause there could be a few improvements:,Anticipation,Sadness,doubt between anticipation and sadness,Anticipation,Sadness,,Joy,Anticipation,"""few improvements...""",Anticipation,Sadness
WhatsApp Wallpaper,PERSONALIZATION,0d34f7dd-a0ee-4a47-afa6-b2d1ad5d5485,0,"Mar 13, 2022",5,f_180,awesome team work but this application does need updating now Twice a year since it hasn't been updated since may 2011 it would be great if you update this application every month and year like you do with WhatsAppğŸ‘ ğŸ’ğŸ’ğŸ’â¤â¤ï¸ğŸ‘ğŸ‘ğŸ‘ğŸ‘ğŸ‘ğŸ‘ğŸ‘ğŸ‘ğŸ‘ğŸ‘ğŸ‘ğŸ‘ğŸ‘ğŸ‘ğŸ‘ğŸ‘ğŸ‘ğŸ‘ğŸ‘ğŸ‘ğŸ‘ğŸ‘ğŸ‘ğŸ‘ğŸ‘ğŸ‘ğŸ‘ğŸ‘ğŸ‘ğŸ‘ğŸ‘ğŸ‘ğŸ‘ğŸ‘ğŸ‘ğŸ‘ğŸ‘ğŸ‘ğŸ‘ğŸ‘ğŸ‘ğŸ‘ğŸ‘ğŸ‘ğŸ‘ğŸ‘ğŸ‘ğŸ‘ğŸ‘ğŸ‘ğŸ‘ğŸ‘ğŸ‘ğŸ‘ğŸ‘ğŸ‘ğŸ‘ğŸ‘ğŸ‘ğŸ‘ğŸ‘ğŸ‘ğŸ‘ğŸ‘ğŸ‘ğŸ‘ğŸ‘ğŸ‘ğŸ‘ğŸ‘ğŸ‘ğŸ‘ğŸ‘ğŸ‘ğŸ‘ğŸ‘ğŸ‘ğŸ‘ğŸ‘ğŸ‘ğŸ‘ğŸ‘ğŸ‘ğŸ‘ğŸ‘ğŸ‘ğŸ‘ğŸ‘ğŸ‘ğŸ‘ğŸ‘ğŸ‘ğŸ‘ğŸ‘ğŸ‘ğŸ‘ğŸ‘ğŸ‘ğŸ‘ğŸ‘ğŸ‘ğŸ‘ğŸ‘ğŸ‘ğŸ‘ğŸ‘ğŸ‘ğŸ‘ğŸ‘ğŸ‘ğŸ‘ğŸ‘ğŸ‘ğŸ‘ğŸ‘ğŸ‘ğŸ‘ğŸ‘ğŸ‘ğŸ‘ğŸ‘ğŸ‘ğŸ‘ğŸ‘ğŸ‘ğŸ‘ğŸ‘ğŸ‘ğŸ‘ğŸ‘ğŸ‘ğŸ‘ğŸ‘ğŸ‘ğŸ‘âœ”ï¸âœ”,awesome team work but this application does need updating now Twice a year since it hasn't been updated since may 2011 it would be great if you update this application every month and year like you do with WhatsAppğŸ‘ ğŸ’ğŸ’ğŸ’â¤â¤ï¸ğŸ‘ğŸ‘ğŸ‘ğŸ‘ğŸ‘ğŸ‘ğŸ‘ğŸ‘ğŸ‘ğŸ‘ğŸ‘ğŸ‘ğŸ‘ğŸ‘ğŸ‘ğŸ‘ğŸ‘ğŸ‘ğŸ‘ğŸ‘ğŸ‘ğŸ‘ğŸ‘ğŸ‘ğŸ‘ğŸ‘ğŸ‘ğŸ‘ğŸ‘ğŸ‘ğŸ‘ğŸ‘ğŸ‘ğŸ‘ğŸ‘ğŸ‘ğŸ‘ğŸ‘ğŸ‘ğŸ‘ğŸ‘ğŸ‘ğŸ‘ğŸ‘ğŸ‘ğŸ‘ğŸ‘ğŸ‘ğŸ‘ğŸ‘ğŸ‘ğŸ‘ğŸ‘ğŸ‘ğŸ‘ğŸ‘ğŸ‘ğŸ‘ğŸ‘ğŸ‘ğŸ‘ğŸ‘ğŸ‘ğŸ‘ğŸ‘ğŸ‘ğŸ‘ğŸ‘ğŸ‘ğŸ‘ğŸ‘ğŸ‘ğŸ‘ğŸ‘ğŸ‘ğŸ‘ğŸ‘ğŸ‘ğŸ‘ğŸ‘ğŸ‘ğŸ‘ğŸ‘ğŸ‘ğŸ‘ğŸ‘ğŸ‘ğŸ‘ğŸ‘ğŸ‘ğŸ‘ğŸ‘ğŸ‘ğŸ‘ğŸ‘ğŸ‘ğŸ‘ğŸ‘ğŸ‘ğŸ‘ğŸ‘ğŸ‘ğŸ‘ğŸ‘ğŸ‘ğŸ‘ğŸ‘ğŸ‘ğŸ‘ğŸ‘ğŸ‘ğŸ‘ğŸ‘ğŸ‘ğŸ‘ğŸ‘ğŸ‘ğŸ‘ğŸ‘ğŸ‘ğŸ‘ğŸ‘ğŸ‘ğŸ‘ğŸ‘ğŸ‘ğŸ‘ğŸ‘ğŸ‘ğŸ‘ğŸ‘ğŸ‘ğŸ‘ğŸ‘ğŸ‘âœ”ï¸âœ”,Joy,Anticipation,,Joy,Anticipation,,Joy,Anticipation,"two mixed feelings. For the second, I was hesitating among anticipation and sadness",Anticipation,Joy
Huawei Health,HEALTH_AND_FITNESS,0d40aa79-678e-433a-9197-5460770de8f9,0,"Jan 11, 2022",3,f_506,"HH has still many improvements to be done for classic and elegant versions of the Huawei GT2, there is only 5 activities to be able to add in the app when the watch does not track it: indoor and outdoor running, swimming on open and pool and walking. However the watch has ""Other"" For any other activity uncathegorised, let say for example you do climbing, calethenics, yoga, pilates... But if the watch was not activated to track the class or activity you can not add it on the app a posteriory....","HH has still many improvements to be done for classic and elegant versions of the Huawei GT2, there is only 5 activities to be able to add in the app when the watch does not track it: indoor and outdoor running, swimming on open and pool and walking.",Anticipation,,,Sadness,,,Sadness,,,Sadness,
ColorNote Notepad Notes,PRODUCTIVITY,0d5f15da-f4d9-4526-a5b6-62c1945b3c74,0,"Jul 14, 2022",5,f_257,"Easy to use, negligible ads, syncs across devices, highly recommend.","Easy to use, negligible ads, syncs across devices, highly recommend.",Joy,,,Trust,,,Joy,,,Joy,
Habit Hunter: RPG goal tracker,PRODUCTIVITY,0d699368-d8fe-4deb-949d-d2096e9304bd,1,"Jul 29, 2022",3,f_99,"I don't like that you're penalized for being late on goals. Free to play but you need to pay to remove ads, have more than three milestones per goal, and unlock the full map","Free to play but you need to pay to remove ads, have more than three milestones per goal, and unlock the full map",Neutral,,This is actually neutral. Purely descriptive,Sadness,,,Sadness,,,Sadness,
Clock,TOOLS,0d7281cf-e208-4879-a4c2-de5410e749ad,0,"Aug 11, 2022",1,f_237,"Until last month I had no problems with the app but nowadays when I open battery saver mode my alarms give this warning: ""Battery saver might degrade your alarm and timer experience"", instead of ringing. I missed my classes and many important things because of that. Until it fixed I will use other apps and disable this one, good job.","Until last month I had no problems with the app but nowadays when I open battery saver mode my alarms give this warning: ""Battery saver might degrade your alarm and timer experience"", instead of ringing.",Surprise,Sadness,,Surprise,Sadness,,Sadness,,,Sadness,Surprise
"Strava: Run, Ride, Hike",HEALTH_AND_FITNESS,0dd5d101-76fa-4aaf-9f31-00f3944391a0,0,"Sep 02, 2022",3,f_239,Social networking aspects are nice but app fails to maintain tracking signal quite often losing signal during runs and rides. Have reloaded several times,Social networking aspects are nice but app fails to maintain tracking signal quite often losing signal during runs and rides.,Joy,Sadness,,Sadness,,,Sadness,Joy,again two mixed feelings but bad seems main goal,Sadness,Joy
Weather Radar Widget,WEATHER,0de6e3ba-1253-42fd-98db-f71438bdf40e,1,"Dec 27, 2021",2,f_398,"Have app set to pick up tablet location. Displays correct location scrolling across screen, but map ALWAYS shows tablet location 35-50 miles away rendering app virtually useless. Have checked all settings - still no avail","Displays correct location scrolling across screen, but map ALWAYS shows tablet location 35-50 miles away rendering app virtually useless.",Joy,Disgust,"explicit reject towards a feature (i.e., useless)",Disgust,,,Sadness,,,Disgust,
Half Marathon Training Coach,HEALTH_AND_FITNESS,0e8127d8-4f3b-45c1-a21f-4c311f5d186b,1,"Aug 23, 2021",2,f_164,Intermittent. This app kinda works in that it times my runs but gps stops halfway or it shows on the map but says I've done .75km of a +10k. And yes all access to gps has been set it worked for 2 weeks then reverted. Also have paid for pro version but every few weeks it resets and only gives me the first bit of free weeks. Not very impressed but great when it works!,This app kinda works in that it times my runs but gps stops halfway or it shows on the map but says I've done .75km of a +10k.,Sadness,,,Sadness,,,Sadness,,,Sadness,
Post-itÂ®,PRODUCTIVITY,0ea8e30c-e727-4cce-99e2-1ea148843e55,13,"Mar 20, 2022",3,f_257,"It general, it's a nice app to mess with -- but the more I use it, the more I find it too clumsy to tackle my needs. For example, if you back out of a note, you should get a warning that your scribble is going to be lost...(uggh). I got lucky and somehow was able to pinch and zoom in -- but I have not been able to replicate something so simple. Clearly it's there -- somewhere, but not where would expect it to be consistently (e.g., everywhere would be nice for larger screen users like me). While you can re-size the note background, and scale the content to size -- you cannot move the block of content to make resizing the note more functional. Nor change the pen inking width (that I could find). Moving notes about -- it is very crude feeling for more serious matters. I have yet to find any 'gestures' to rotate notes, but I did find the 90-degree flip... (not like in the demo with slight rotations). I like the idea of the widget on my Fold3, but I find the integration to the main app to be just to awkward to use. It has plenty of potential -- any maybe buried or hidden functionality waiting for a spelunker. I am also sure it's great in select scenarios/use-cases. Overall, it is cute, but awkward. It stumbles as I tried to use it more... Also, some type of sync across devices would be helpful. The plumbing is already in, so provide an option to move the data to a cloud store (many to choose from) to support multiple devices. All in all, some cool stuff, light feel; but misses in a lot of places. I look forward to seeing where it goes a few iterations down the road.","Also, some type of sync across devices would be helpful.",Anticipation,,,Anticipation,,,Anticipation,,,Anticipation,
Steam Chat,COMMUNICATION,0ecf2505-bbc1-4e60-8734-682d86c9c75a,1,"Jun 17, 2021",1,f_62,"sometimes when sending a message it straight up crashes, this app is a joke and should be merged with the other steam app I see no reason not too! Also to make this better add Voice Chat please!!!",Also to make this better add Voice Chat please!!!,Anticipation,Anger,,Anticipation,,,Anticipation,,,Anticipation,
ViewRanger,HEALTH_AND_FITNESS,0f18213a-2d64-4e10-96f3-8fb32410894a,1,"Jan 30, 2022",5,f_241,"Great app that works exactly as it should and with OS maps in the UK it really was so useful and NEVER crashed and NEVER let me down. And now the truly absurd bit - somebody called Outdoor Active bought VR and cancelled all our subscriptions. So now they get no money & we get no OS maps. I'm deeply saddened by the stupidy of this & the bizarre notion that we'll start paying Outdoor Active instead for their cr-App. Outdoor Active, please sell VR to somebody else rather than buying and binning it.",And now the truly absurd bit - somebody called Outdoor Active bought VR and cancelled all our subscriptions.,Surprise,Anger,,Surprise,Sadness,,Anger,,,Anger,Surprise
Notepad â€“ Notes and Checklists,TOOLS,0f4eb7b5-8c5e-40e6-a093-3cb3dc9b813f,0,"Sep 08, 2022",1,f_247,How many permissions does a checklist making app need?! Lost a customer because of the run around. You DO NOT need my location. *edit in response to developers: I should be able to use the app without allowing the location permission. You can't change my mind here. *another response to editors: I tried repeatedly after downloading to refuse the location permission. All it did was turn me around to the pervious screen. Don't lie to me.,How many permissions does a checklist making app need?!,Anger,,,Anger,,(Anger per les exclamacions),Disgust,,,Anger,
Instagram,SOCIAL,0f77e723-1b32-4295-9f04-5d312745bd93,0,"Sep 15, 2022",2,f_331,management pls fix the prob of logging and hanging in I.g ğŸ˜ ğŸ˜ ğŸ˜ ,management pls fix the prob of logging and hanging in I.g ğŸ˜ ğŸ˜ ğŸ˜ ,Anticipation,Anger,,Anger,,,Anger,,,Anger,
BlackNote Notepad Notes,PRODUCTIVITY,0fcb8af3-45e1-4151-98b2-64f97a03912c,0,"Feb 13, 2022",5,f_40,Solid notetaking app,Solid notetaking app,Joy,,,Joy,,,Joy,,,Joy,
aCalendar - your calendar,PRODUCTIVITY,102f5bcf-b476-49c1-a757-73cde865c7b6,3,"Jun 03, 2022",1,f_432,"You pay to have ads removed, you pay to get colors which I did--the wording suggested I would get many colors but instead I only got about six. ğŸ’° Grab. I uninstalled it and got ""Cute Calendar : Daily Planner"". My Cute Calendar's theme is cats, but there are numerous other things to choose from plus a place for To Do, Diary, Event reminders, background changes, photos & more. Satisfies the kid in me who needs all that it offers and it contains a lot, no hidden fees, cost options spelled out.","My Cute Calendar's theme is cats, but there are numerous other things to choose from plus a place for To Do, Diary, Event reminders, background changes, photos & more.",Neutral,,I would also agree in Joy,Trust,,,Sadness,,,,
Month: Calendar Widget,PRODUCTIVITY,109b4518-17ff-47b4-9ccc-6aa0ee4a50ee,0,"Mar 30, 2022",4,f_109,This app is excellent but the calendar syncing isn't perfect,This app is excellent but the calendar syncing isn't perfect,Joy,Sadness,,Joy,Sadness,,Joy,Sadness,Mix of two feelings,Joy,Sadness
Messages,COMMUNICATION,10ac6496-6ece-41db-85a8-73395d74c859,1,"Sep 15, 2022",1,f_174,"Just got a new s22 and have to use google messengers and so far the experience is horrible. Chat features will NOT stay connected which means i recieve no text. When i restart my phone or stop the app and clear the cache it will come on for about a minute and then go back to infinite ""connecting"". Pretty sad ""feature"" for the main messanging app on an OS made by a trillion-dollar company",Chat features will NOT stay connected which means i recieve no text.,Sadness,Anger,,Anger,,(les majuscules del NOT),Sadness,,,Anger,Sadness
Clock,TOOLS,1129b4b1-8d74-4493-92bb-e71ce821ea7f,1,"Jul 30, 2022",2,f_236,sketchy it got only digital widget. where the analog clock widget?,where the analog clock widget?,Anticipation,,,Surprise,,,Sadness,,,,
Messenger,COMMUNICATION,119292d8-669a-4f0e-82d2-b03b28fd7b48,0,"Sep 15, 2022",1,f_128,Please fixed the video chat because the echo is to loude please fixed it,Please fixed the video chat because the echo is to loude please fixed it,Anticipation,Sadness,,Anticipation,Sadness,,Sadness,Disgust,it can be argued that repetition entails disgust,Sadness,Anticipation
Productivity Challenge Timer,PRODUCTIVITY,11a15914-2109-4a61-8725-d07e782775d1,0,"Apr 25, 2022",5,f_36,Really great app recomended by hum jeetenge YouTube channel,Really great app recomended by hum jeetenge YouTube channel,Joy,,,Joy,,,Joy,Trust,not sure if the comment is enough to consider it Trust,Joy,
To Do List,PRODUCTIVITY,11cb403b-e84c-4ab7-a6c8-d9dfd19402d7,1,"Aug 14, 2022",5,f_233,Splendid app.. But can you guys please add a feature where we can customize the color and transparency of the widget?,But can you guys please add a feature where we can customize the color and transparency of the widget?,Anticipation,,,Anticipation,,,Disgust,,the tone leads to Disgust,Anticipation,
WhatsApp Messenger,COMMUNICATION,11da7e1d-b1a4-438b-acf8-8cc7fd538187,1,"Sep 13, 2022",2,f_60,"I have some problem about notifications. It's come, s hide notifications why is this such as. To me. I find this problem today. Only","It's come, s hide notifications why is this such as.",Reject,,I don't understand this sentence,Reject,,,Disgust,Reject,"English is difficult to understand, but the tone is (highly) negative",Reject,
Todoist: to-do list & planner,PRODUCTIVITY,122958c0-7805-4f1f-bc9e-525f3c13c19a,0,"May 14, 2022",5,f_175,Very intuitive UI and nice for the project management!!! Recommend! ++,Very intuitive UI and nice for the project management!!!,Joy,,,Joy,,,Joy,,,Joy,
Event Alarm Reminder for Googl,TOOLS,1289b18a-953e-4141-9be7-143891b6f42f,0,"Jul 01, 2022",4,f_121,It provides details I need for meeting reminders. Still learning to navigate some of the setups.,It provides details I need for meeting reminders.,Trust,,,Trust,,,Joy,,,Trust,
Stopwatch Timer,TOOLS,12b3e914-d167-4763-8989-773649e44c78,2,"Aug 03, 2022",4,f_63,"[EDIT] Sorry again for still not giving full 5â˜… rating due to the very annoying APP Rating dialog box that still always popped out on the APP Exit even though I had purchased it and had given review + rating here, both almost a year ago. [/EDIT] â€¢â€¢ Cool Timer & StopWatch APP that is accurately, uniquely, and aesthetically designed with eye-soothing colorful themes for personalization. â€¢ Thank You","[/EDIT] â€¢â€¢ Cool Timer & StopWatch APP that is accurately, uniquely, and aesthetically designed with eye-soothing colorful themes for personalization.",Joy,,,Joy,,,Joy,,,Joy,
Messenger,COMMUNICATION,136748d6-621c-4ac3-ae62-007ae15f9d22,2,"Sep 15, 2022",1,f_130,"I keep getting banned from sending messages in group chats, I have friends I want to talk to, I didn't even spam or send anything inappropriate. It's been 3 times, the AI is so damn stupid. I got banned for a day before and I didn't spam anything, but while my friends spammed messages, it was okay. This has been a very annnoying issue, on the part of being a big platform, please fix this terrible bug.","I got banned for a day before and I didn't spam anything, but while my friends spammed messages, it was okay.",Surprise,Sadness,,Surprise,,,Anger,,,Surprise,
"OurHome â€“ chores, rewards, gro",LIFESTYLE,138a3247-8195-4bfa-826c-6410ffb31dac,3,"Jan 17, 2022",3,f_382,"It's almost exactly what we are looking for, but there are a few features missing that we'd happily pay for: 1. Ability to set end date (or end after XX number of occurrences) for repeating tasks. 2. Agenda view. I need to be able to scroll through my week at a glance. Right now I have to go back and forth to the calendar and click through to each day separately. 3. Ability to set ""Today"" as default view. 4. Multi day events (not repeating) 5. Google calendar integration.",Right now I have to go back and forth to the calendar and click through to each day separately.,Neutral,,I mean I get this is a disappointment but not from the sentence purely,Surprise,,,Sadness,,,,
Boosted Time Tracker,PRODUCTIVITY,138c7ce8-b4a3-4419-a63c-8d0db1bf30f3,1,"Nov 03, 2021",4,f_64,"Really enjoy this app. My only issue with it is that the timers are in their own place. Would be nice to have the option to choose which timing feature I'd like to use within each task at the time of execution. Other than that, find the app very helpful.",My only issue with it is that the timers are in their own place.,Sadness,,Here they say it's an issue - so it's a disappointment,Sadness,,,Sadness,Joy,"""Only issue"" kind of expresses joy implicitly",Sadness,
Geo Tracker - GPS tracker,TRAVEL_AND_LOCAL,13c8f261-af81-4abe-8436-d7c31a9ced95,1,"Jul 04, 2022",5,f_106,"This fits my needs perfectly. Good work done, please I suggest you add online and login so we can track sales workers.","Good work done, please I suggest you add online and login so we can track sales workers.",Joy,Anticipation,,Trust,Anticipation,,Joy,Anticipation,,Anticipation,Joy
"Strava: Run, Ride, Hike",HEALTH_AND_FITNESS,13e600e4-b128-4a7f-93f1-d8561dfd0d77,0,"Aug 13, 2022",5,f_220,I enjoy meeting new people in my area and comparing and creating routes.,I enjoy meeting new people in my area and comparing and creating routes.,Trust,,,Trust,,,Trust,,,Trust,
Samsung Notes,PRODUCTIVITY,140086b2-9757-4c1d-906b-c745ca1d2533,0,"Sep 15, 2022",4,f_156,Samusung Notes App is Awesome only one problem found is Multitasking Not Possible Only one File can open at a time I want to read two Files at a time,Samusung Notes App is Awesome only one problem found is Multitasking Not Possible Only one File can open at a time I want to read two Files at a time,Joy,Sadness,,Joy,Anticipation,,Joy,Sadness,Positive and negative feelings mixed,Joy,Sadness
Loop Habit Tracker,PRODUCTIVITY,143b605e-fe4d-48b4-8527-217217f22f72,0,"Feb 01, 2022",4,f_7,"This is one of the best free habit tracker app out there, with easy analysis,minmal user interface and one can add as many habits as one may want to but the only problem with that ""it doesn't provide data sync and backup"". If that could be added, no better app than this","This is one of the best free habit tracker app out there, with easy analysis,minmal user interface and one can add as many habits as one may want to but the only problem with that ""it doesn't provide data sync and backup"".",Joy,Sadness,,Trust,Anticipation,,Joy,Anticipation,Again two feelings (positive dominant),Anticipation,Joy
True Phone Dialer & Contacts,COMMUNICATION,14986a0e-7b07-48a6-99e0-f5966ae04062,1,"Apr 09, 2022",5,f_51,All the features were working well.... But something missed....Volte Video Calling.... Can you fix it in the next update,But something missed....Volte Video Calling....,Anticipation,,,Anticipation,,,Anticipation,,,Anticipation,
Macros - Calorie Counter,HEALTH_AND_FITNESS,14a949b1-7c0a-455f-a5ae-86383d92a212,4,"Apr 26, 2022",5,f_439,"Just starting a keto lifestyle. Honestly I tried 10+ apps before this. Though I admit it can be a little tough to get the hang of it. Once you do its amazing. The barcode scanner is a godsend and 80% of the items it finds saving me tons of time. I can group items as recipes so I don't need to add every item each day, for something like bulletproof coffee. Ads are very minimal and don't hinder functionality. I will likely pay for premium just to support the devs. Thank you for an amazing app!",The barcode scanner is a godsend and 80% of the items it finds saving me tons of time.,Trust,,,Trust,,,Joy,,,Trust,
Transit: Bus & Subway Times,MAPS_AND_NAVIGATION,14ac6c41-f42c-4484-b901-57f369d0ec11,0,"Sep 14, 2022",5,f_414,"Accurate, simple to understand user interface and aesthetically pleasing as well with a modern and clean design.","Accurate, simple to understand user interface and aesthetically pleasing as well with a modern and clean design.",Joy,,,Joy,,,Joy,,,Joy,
Samsung Notes,PRODUCTIVITY,158160a7-c426-4074-9d52-a546d02c70fd,0,"Aug 19, 2022",5,f_399,just need some cloud storage for backup,just need some cloud storage for backup,Anticipation,,,Anticipation,,,Sadness,Joy,"""just need"" implicitly denotes joy",Anticipation,
